time_seconds,speed_meters_per_second,acceleration_meters_per_second_squared,Acceleration_Type,Deceleration_Type,Good_Driver
2,1.2899922,-0.0585056,,Smooth Deceleration,TRUE
3,1.2031494,-0.0868428,,Smooth Deceleration,TRUE
4,1.1009204,-0.102229,,Smooth Deceleration,TRUE
6,1.1169481,0.00801385,Smooth Acceleration,,TRUE
7,0.35544685,-0.76150125,,Smooth Deceleration,TRUE
8,0.08387315,-0.2715737,,Smooth Deceleration,TRUE
9,0.30850878,0.22463563,Smooth Acceleration,,TRUE
10,0.76512283,0.45661405,Smooth Acceleration,,TRUE
11,0.7643647,-0.00075813,,Smooth Deceleration,TRUE
12,0.75129676,-0.01306794,,Smooth Deceleration,TRUE
13,0.56617117,-0.18512559,,Smooth Deceleration,TRUE
14,0.3461472,-0.22002397,,Smooth Deceleration,TRUE
15,0.22557996,-0.12056724,,Smooth Deceleration,TRUE
17,0.0838103,-0.07088483,,Smooth Deceleration,TRUE
18,0.04943016,-0.03438014,,Smooth Deceleration,TRUE
20,0.025005477,-0.012212342,,Smooth Deceleration,TRUE
21,0.018383428,-0.006622049,,Smooth Deceleration,TRUE
22,0.02598363,0.007600202,Smooth Acceleration,,TRUE
23,0.03331669,0.00733306,Smooth Acceleration,,TRUE
24,0.1194552,0.08613851,Smooth Acceleration,,TRUE
25,0.16339764,0.04394244,Smooth Acceleration,,TRUE
26,0.14946522,-0.01393242,,Smooth Deceleration,TRUE
27,0.08909343,-0.06037179,,Smooth Deceleration,TRUE
28,0.07273322,-0.01636021,,Smooth Deceleration,TRUE
29,0.05155265,-0.02118057,,Smooth Deceleration,TRUE
31,0.051025234,-0.000263708,,Smooth Deceleration,TRUE
32,0.04589992,-0.005125314,,Smooth Deceleration,TRUE
33,0.051770464,0.005870544,Smooth Acceleration,,TRUE
34,0.036604878,-0.015165586,,Smooth Deceleration,TRUE
35,0.03293666,-0.003668218,,Smooth Deceleration,TRUE
36,0.02555361,-0.00738305,,Smooth Deceleration,TRUE
37,0.021040447,-0.004513163,,Smooth Deceleration,TRUE
38,0.01361039,-0.007430057,,Smooth Deceleration,TRUE
39,0.013602622,-7.77E-06,,Smooth Deceleration,TRUE
40,0.010931855,-0.002670767,,Smooth Deceleration,TRUE
41,0.007242899,-0.003688956,,Smooth Deceleration,TRUE
45,0.008526299,0.00032085,Smooth Acceleration,,TRUE
47,0.016938966,0.004206334,Smooth Acceleration,,TRUE
49,0.020093987,0.001577511,Smooth Acceleration,,TRUE
50,0.012260538,-0.007833449,,Smooth Deceleration,TRUE
52,0.022798253,0.005268858,Smooth Acceleration,,TRUE
53,0.018093243,-0.00470501,,Smooth Deceleration,TRUE
54,0.011166047,-0.006927196,,Smooth Deceleration,TRUE
55,0.016378982,0.005212935,Smooth Acceleration,,TRUE
56,0.019294329,0.002915347,Smooth Acceleration,,TRUE
57,0.018635562,-0.000658767,,Smooth Deceleration,TRUE
58,0.012513425,-0.006122137,,Smooth Deceleration,TRUE
59,0.020578431,0.008065006,Smooth Acceleration,,TRUE
60,0.014299226,-0.006279205,,Smooth Deceleration,TRUE
61,0.017013863,0.002714637,Smooth Acceleration,,TRUE
63,0.015177617,-0.000918123,,Smooth Deceleration,TRUE
64,0.0278797,0.012702083,Smooth Acceleration,,TRUE
66,0.02332739,-0.002276155,,Smooth Deceleration,TRUE
67,0.018368218,-0.004959172,,Smooth Deceleration,TRUE
68,0.018029884,-0.000338334,,Smooth Deceleration,TRUE
69,0.026148595,0.008118711,Smooth Acceleration,,TRUE
70,0.112949766,0.086801171,Smooth Acceleration,,TRUE
71,0.06410099,-0.048848776,,Smooth Deceleration,TRUE
72,0.04794249,-0.0161585,,Smooth Deceleration,TRUE
73,0.027728723,-0.020213767,,Smooth Deceleration,TRUE
74,0.0268665,-0.000862223,,Smooth Deceleration,TRUE
75,0.041968375,0.015101875,Smooth Acceleration,,TRUE
77,0.025143169,-0.008412603,,Smooth Deceleration,TRUE
78,0.015467035,-0.009676134,,Smooth Deceleration,TRUE
80,0.014728977,-0.000369029,,Smooth Deceleration,TRUE
81,0.016247515,0.001518538,Smooth Acceleration,,TRUE
82,0.010614695,-0.00563282,,Smooth Deceleration,TRUE
83,0.007017167,-0.003597528,,Smooth Deceleration,TRUE
84,0.011755661,0.004738494,Smooth Acceleration,,TRUE
85,0.009707689,-0.002047972,,Smooth Deceleration,TRUE
86,0.010954016,0.001246327,Smooth Acceleration,,TRUE
87,0.014550894,0.003596878,Smooth Acceleration,,TRUE
88,0.023728292,0.009177398,Smooth Acceleration,,TRUE
89,0.017215155,-0.006513137,,Smooth Deceleration,TRUE
90,0.011481907,-0.005733248,,Smooth Deceleration,TRUE
91,0.009281988,-0.002199919,,Smooth Deceleration,TRUE
92,0.008780135,-0.000501853,,Smooth Deceleration,TRUE
93,0.007597867,-0.001182269,,Smooth Deceleration,TRUE
94,0.020567471,0.012969605,Smooth Acceleration,,TRUE
95,0.012275822,-0.008291649,,Smooth Deceleration,TRUE
96,0.011331023,-0.000944799,,Smooth Deceleration,TRUE
97,0.009713016,-0.001618007,,Smooth Deceleration,TRUE
98,0.0210126,0.011299584,Smooth Acceleration,,TRUE
99,0.014582487,-0.006430113,,Smooth Deceleration,TRUE
101,0.01796214,0.001689827,Smooth Acceleration,,TRUE
102,0.015390858,-0.002571282,,Smooth Deceleration,TRUE
104,0.015054859,-0.000168,,Smooth Deceleration,TRUE
105,0.010013676,-0.005041183,,Smooth Deceleration,TRUE
106,0.008898698,-0.001114978,,Smooth Deceleration,TRUE
107,0.011652297,0.002753599,Smooth Acceleration,,TRUE
108,0.01536562,0.003713323,Smooth Acceleration,,TRUE
109,0.017762959,0.002397339,Smooth Acceleration,,TRUE
110,0.01664831,-0.001114649,,Smooth Deceleration,TRUE
111,0.019131673,0.002483363,Smooth Acceleration,,TRUE
112,0.010824074,-0.008307599,,Smooth Deceleration,TRUE
113,0.014663983,0.003839909,Smooth Acceleration,,TRUE
115,0.015848104,0.00059206,Smooth Acceleration,,TRUE
116,0.018473815,0.002625711,Smooth Acceleration,,TRUE
117,0.015962303,-0.002511512,,Smooth Deceleration,TRUE
118,0.021231258,0.005268955,Smooth Acceleration,,TRUE
119,0.01269022,-0.008541038,,Smooth Deceleration,TRUE
120,0.016463013,0.003772793,Smooth Acceleration,,TRUE
121,0.015267842,-0.001195171,,Smooth Deceleration,TRUE
122,0.01895683,0.003688989,Smooth Acceleration,,TRUE
123,0.016691629,-0.002265201,,Smooth Deceleration,TRUE
124,0.014641157,-0.002050472,,Smooth Deceleration,TRUE
125,0.015893977,0.00125282,Smooth Acceleration,,TRUE
126,0.014022823,-0.001871154,,Smooth Deceleration,TRUE
127,0.011158044,-0.002864779,,Smooth Deceleration,TRUE
128,0.00812429,-0.003033754,,Smooth Deceleration,TRUE
129,0.025725037,0.017600747,Smooth Acceleration,,TRUE
130,0.020423263,-0.005301774,,Smooth Deceleration,TRUE
131,0.014807452,-0.005615812,,Smooth Deceleration,TRUE
132,0.015740221,0.000932769,Smooth Acceleration,,TRUE
133,0.012005748,-0.003734473,,Smooth Deceleration,TRUE
134,0.014875682,0.002869934,Smooth Acceleration,,TRUE
135,0.015586888,0.000711206,Smooth Acceleration,,TRUE
137,0.015336187,-0.000125351,,Smooth Deceleration,TRUE
138,0.018399628,0.003063441,Smooth Acceleration,,TRUE
139,0.027594054,0.009194426,Smooth Acceleration,,TRUE
140,0.04462734,0.017033286,Smooth Acceleration,,TRUE
141,0.030577203,-0.014050137,,Smooth Deceleration,TRUE
142,0.05137472,0.020797517,Smooth Acceleration,,TRUE
143,0.033768456,-0.017606264,,Smooth Deceleration,TRUE
144,0.023168169,-0.010600287,,Smooth Deceleration,TRUE
145,0.017784702,-0.005383467,,Smooth Deceleration,TRUE
146,0.016181227,-0.001603475,,Smooth Deceleration,TRUE
147,0.0219438,0.005762573,Smooth Acceleration,,TRUE
148,0.02940747,0.00746367,Smooth Acceleration,,TRUE
149,0.020684496,-0.008722974,,Smooth Deceleration,TRUE
150,0.02809351,0.007409014,Smooth Acceleration,,TRUE
151,0.019692833,-0.008400677,,Smooth Deceleration,TRUE
152,0.022713453,0.00302062,Smooth Acceleration,,TRUE
153,0.01512477,-0.007588683,,Smooth Deceleration,TRUE
154,0.03841356,0.02328879,Smooth Acceleration,,TRUE
155,0.022254452,-0.016159108,,Smooth Deceleration,TRUE
156,0.013701774,-0.008552678,,Smooth Deceleration,TRUE
157,0.016951717,0.003249943,Smooth Acceleration,,TRUE
158,0.013271001,-0.003680716,,Smooth Deceleration,TRUE
159,0.008359849,-0.004911153,,Smooth Deceleration,TRUE
160,0.023404505,0.015044657,Smooth Acceleration,,TRUE
161,0.01650844,-0.006896065,,Smooth Deceleration,TRUE
162,0.014277338,-0.002231102,,Smooth Deceleration,TRUE
163,0.021632297,0.007354959,Smooth Acceleration,,TRUE
164,0.02071398,-0.000918317,,Smooth Deceleration,TRUE
165,0.015419906,-0.005294074,,Smooth Deceleration,TRUE
167,0.019434424,0.002007259,Smooth Acceleration,,TRUE
168,0.014476663,-0.004957761,,Smooth Deceleration,TRUE
170,0.010728203,-0.00187423,,Smooth Deceleration,TRUE
171,0.020468777,0.009740574,Smooth Acceleration,,TRUE
173,0.01118175,-0.004643514,,Smooth Deceleration,TRUE
174,0.01604163,0.00485988,Smooth Acceleration,,TRUE
176,0.018606547,0.001282459,Smooth Acceleration,,TRUE
177,0.014245982,-0.004360565,,Smooth Deceleration,TRUE
178,0.025252825,0.011006843,Smooth Acceleration,,TRUE
179,0.018144209,-0.007108616,,Smooth Deceleration,TRUE
180,0.016885854,-0.001258355,,Smooth Deceleration,TRUE
182,0.012436112,-0.002224871,,Smooth Deceleration,TRUE
183,0.018031038,0.005594926,Smooth Acceleration,,TRUE
185,0.010821722,-0.003604658,,Smooth Deceleration,TRUE
186,0.02017893,0.009357209,Smooth Acceleration,,TRUE
188,0.017499952,-0.001339489,,Smooth Deceleration,TRUE
189,0.017586838,8.69E-05,Smooth Acceleration,,TRUE
190,0.021951113,0.004364275,Smooth Acceleration,,TRUE
192,0.013631772,-0.004159671,,Smooth Deceleration,TRUE
193,0.013682243,5.05E-05,Smooth Acceleration,,TRUE
195,0.5159371,0.251127429,Smooth Acceleration,,TRUE
196,1.1646509,0.6487138,Smooth Acceleration,,TRUE
198,2.123861,0.47960505,Smooth Acceleration,,TRUE
199,2.5894432,0.4655822,Smooth Acceleration,,TRUE
201,3.6553874,0.5329721,Smooth Acceleration,,TRUE
202,3.9714808,0.3160934,Smooth Acceleration,,TRUE
203,4.1760764,0.2045956,Smooth Acceleration,,TRUE
204,4.362699,0.1866226,Smooth Acceleration,,TRUE
205,4.5775948,0.2148958,Smooth Acceleration,,TRUE
206,7.6965265,3.1189317,Rapid Acceleration,,FALSE
207,8.444502,0.7479755,Smooth Acceleration,,TRUE
208,9.313962,0.86946,Smooth Acceleration,,TRUE
209,10.186378,0.872416,Smooth Acceleration,,TRUE
210,10.594782,0.408404,Smooth Acceleration,,TRUE
211,10.228497,-0.366285,,Smooth Deceleration,TRUE
214,11.740802,0.504101667,Smooth Acceleration,,TRUE
215,12.625615,0.884813,Smooth Acceleration,,TRUE
216,13.559067,0.933452,Smooth Acceleration,,TRUE
217,14.426346,0.867279,Smooth Acceleration,,TRUE
218,15.194387,0.768041,Smooth Acceleration,,TRUE
219,14.946437,-0.24795,,Smooth Deceleration,TRUE
220,14.876409,-0.070028,,Smooth Deceleration,TRUE
221,15.202684,0.326275,Smooth Acceleration,,TRUE
222,15.552833,0.350149,Smooth Acceleration,,TRUE
223,15.955585,0.402752,Smooth Acceleration,,TRUE
224,16.353998,0.398413,Smooth Acceleration,,TRUE
225,16.724855,0.370857,Smooth Acceleration,,TRUE
226,17.1794,0.454545,Smooth Acceleration,,TRUE
227,17.588997,0.409597,Smooth Acceleration,,TRUE
228,18.085255,0.496258,Smooth Acceleration,,TRUE
229,18.409687,0.324432,Smooth Acceleration,,TRUE
230,18.145779,-0.263908,,Smooth Deceleration,TRUE
231,17.831846,-0.313933,,Smooth Deceleration,TRUE
232,17.605488,-0.226358,,Smooth Deceleration,TRUE
234,18.216894,0.305703,Smooth Acceleration,,TRUE
235,18.621569,0.404675,Smooth Acceleration,,TRUE
236,19.109411,0.487842,Smooth Acceleration,,TRUE
237,19.528154,0.418743,Smooth Acceleration,,TRUE
238,20.034298,0.506144,Smooth Acceleration,,TRUE
239,20.561274,0.526976,Smooth Acceleration,,TRUE
240,20.847784,0.28651,Smooth Acceleration,,TRUE
241,21.167917,0.320133,Smooth Acceleration,,TRUE
242,21.280903,0.112986,Smooth Acceleration,,TRUE
243,21.446884,0.165981,Smooth Acceleration,,TRUE
244,21.580334,0.13345,Smooth Acceleration,,TRUE
245,21.660295,0.079961,Smooth Acceleration,,TRUE
246,21.848423,0.188128,Smooth Acceleration,,TRUE
247,22.052687,0.204264,Smooth Acceleration,,TRUE
248,22.267294,0.214607,Smooth Acceleration,,TRUE
249,22.494629,0.227335,Smooth Acceleration,,TRUE
250,22.698425,0.203796,Smooth Acceleration,,TRUE
251,22.892979,0.194554,Smooth Acceleration,,TRUE
252,23.067415,0.174436,Smooth Acceleration,,TRUE
254,23.449389,0.190987,Smooth Acceleration,,TRUE
255,23.640018,0.190629,Smooth Acceleration,,TRUE
256,23.680183,0.040165,Smooth Acceleration,,TRUE
257,24.106297,0.426114,Smooth Acceleration,,TRUE
258,24.188215,0.081918,Smooth Acceleration,,TRUE
259,24.245338,0.057123,Smooth Acceleration,,TRUE
260,24.172148,-0.07319,,Smooth Deceleration,TRUE
261,24.124249,-0.047899,,Smooth Deceleration,TRUE
262,24.048592,-0.075657,,Smooth Deceleration,TRUE
263,23.977901,-0.070691,,Smooth Deceleration,TRUE
264,23.72591,-0.251991,,Smooth Deceleration,TRUE
265,23.433163,-0.292747,,Smooth Deceleration,TRUE
266,23.188622,-0.244541,,Smooth Deceleration,TRUE
267,23.25054,0.061918,Smooth Acceleration,,TRUE
268,23.43467,0.18413,Smooth Acceleration,,TRUE
269,23.450106,0.015436,Smooth Acceleration,,TRUE
270,23.42904,-0.021066,,Smooth Deceleration,TRUE
271,23.038754,-0.390286,,Smooth Deceleration,TRUE
272,22.899834,-0.13892,,Smooth Deceleration,TRUE
273,22.83038,-0.069454,,Smooth Deceleration,TRUE
274,22.752268,-0.078112,,Smooth Deceleration,TRUE
275,23.069618,0.31735,Smooth Acceleration,,TRUE
276,23.233662,0.164044,Smooth Acceleration,,TRUE
277,23.364368,0.130706,Smooth Acceleration,,TRUE
278,23.488024,0.123656,Smooth Acceleration,,TRUE
279,23.579847,0.091823,Smooth Acceleration,,TRUE
280,23.701458,0.121611,Smooth Acceleration,,TRUE
281,23.799675,0.098217,Smooth Acceleration,,TRUE
282,23.851631,0.051956,Smooth Acceleration,,TRUE
283,23.934027,0.082396,Smooth Acceleration,,TRUE
284,23.951,0.016973,Smooth Acceleration,,TRUE
285,23.886595,-0.064405,,Smooth Deceleration,TRUE
286,23.829615,-0.05698,,Smooth Deceleration,TRUE
287,23.688105,-0.14151,,Smooth Deceleration,TRUE
288,23.671066,-0.017039,,Smooth Deceleration,TRUE
289,23.667812,-0.003254,,Smooth Deceleration,TRUE
290,23.659803,-0.008009,,Smooth Deceleration,TRUE
291,23.619993,-0.03981,,Smooth Deceleration,TRUE
292,23.39414,-0.225853,,Smooth Deceleration,TRUE
293,22.99003,-0.40411,,Smooth Deceleration,TRUE
294,23.176527,0.186497,Smooth Acceleration,,TRUE
295,22.987385,-0.189142,,Smooth Deceleration,TRUE
296,23.115389,0.128004,Smooth Acceleration,,TRUE
297,23.251497,0.136108,Smooth Acceleration,,TRUE
298,22.82979,-0.421707,,Smooth Deceleration,TRUE
299,22.865217,0.035427,Smooth Acceleration,,TRUE
300,22.81925,-0.045967,,Smooth Deceleration,TRUE
301,22.743675,-0.075575,,Smooth Deceleration,TRUE
302,22.652502,-0.091173,,Smooth Deceleration,TRUE
303,22.586739,-0.065763,,Smooth Deceleration,TRUE
304,22.556385,-0.030354,,Smooth Deceleration,TRUE
305,22.512468,-0.043917,,Smooth Deceleration,TRUE
306,22.541616,0.029148,Smooth Acceleration,,TRUE
307,22.728203,0.186587,Smooth Acceleration,,TRUE
308,22.808092,0.079889,Smooth Acceleration,,TRUE
309,22.945253,0.137161,Smooth Acceleration,,TRUE
310,23.357502,0.412249,Smooth Acceleration,,TRUE
311,23.218525,-0.138977,,Smooth Deceleration,TRUE
312,23.42199,0.203465,Smooth Acceleration,,TRUE
313,23.535564,0.113574,Smooth Acceleration,,TRUE
314,23.65751,0.121946,Smooth Acceleration,,TRUE
315,23.609638,-0.047872,,Smooth Deceleration,TRUE
316,23.446835,-0.162803,,Smooth Deceleration,TRUE
317,23.472822,0.025987,Smooth Acceleration,,TRUE
318,23.354546,-0.118276,,Smooth Deceleration,TRUE
319,23.21908,-0.135466,,Smooth Deceleration,TRUE
320,23.26619,0.04711,Smooth Acceleration,,TRUE
321,23.214062,-0.052128,,Smooth Deceleration,TRUE
322,23.05247,-0.161592,,Smooth Deceleration,TRUE
323,22.794088,-0.258382,,Smooth Deceleration,TRUE
324,22.445515,-0.348573,,Smooth Deceleration,TRUE
325,22.403334,-0.042181,,Smooth Deceleration,TRUE
326,22.341187,-0.062147,,Smooth Deceleration,TRUE
327,22.41734,0.076153,Smooth Acceleration,,TRUE
328,22.383184,-0.034156,,Smooth Deceleration,TRUE
329,22.47257,0.089386,Smooth Acceleration,,TRUE
330,22.552238,0.079668,Smooth Acceleration,,TRUE
331,22.597713,0.045475,Smooth Acceleration,,TRUE
332,22.572472,-0.025241,,Smooth Deceleration,TRUE
333,22.377228,-0.195244,,Smooth Deceleration,TRUE
334,22.192574,-0.184654,,Smooth Deceleration,TRUE
335,22.112759,-0.079815,,Smooth Deceleration,TRUE
336,22.033718,-0.079041,,Smooth Deceleration,TRUE
337,21.91789,-0.115828,,Smooth Deceleration,TRUE
338,22.055796,0.137906,Smooth Acceleration,,TRUE
339,22.60275,0.546954,Smooth Acceleration,,TRUE
340,23.740042,1.137292,Rapid Acceleration,,FALSE
341,24.219534,0.479492,Smooth Acceleration,,TRUE
342,24.798342,0.578808,Smooth Acceleration,,TRUE
343,25.05732,0.258978,Smooth Acceleration,,TRUE
344,25.343515,0.286195,Smooth Acceleration,,TRUE
345,25.349712,0.006197,Smooth Acceleration,,TRUE
346,25.427586,0.077874,Smooth Acceleration,,TRUE
347,25.48861,0.061024,Smooth Acceleration,,TRUE
348,25.416853,-0.071757,,Smooth Deceleration,TRUE
349,25.409933,-0.00692,,Smooth Deceleration,TRUE
350,25.418814,0.008881,Smooth Acceleration,,TRUE
351,25.380598,-0.038216,,Smooth Deceleration,TRUE
352,25.379246,-0.001352,,Smooth Deceleration,TRUE
353,25.472164,0.092918,Smooth Acceleration,,TRUE
354,25.625324,0.15316,Smooth Acceleration,,TRUE
355,25.836264,0.21094,Smooth Acceleration,,TRUE
356,26.120592,0.284328,Smooth Acceleration,,TRUE
357,26.166967,0.046375,Smooth Acceleration,,TRUE
358,25.806149,-0.360818,,Smooth Deceleration,TRUE
359,25.537163,-0.268986,,Smooth Deceleration,TRUE
360,25.528381,-0.008782,,Smooth Deceleration,TRUE
361,26.07775,0.549369,Smooth Acceleration,,TRUE
362,26.488314,0.410564,Smooth Acceleration,,TRUE
363,26.505053,0.016739,Smooth Acceleration,,TRUE
364,25.999382,-0.505671,,Smooth Deceleration,TRUE
365,25.390594,-0.608788,,Smooth Deceleration,TRUE
366,25.219036,-0.171558,,Smooth Deceleration,TRUE
367,25.225924,0.006888,Smooth Acceleration,,TRUE
368,25.34702,0.121096,Smooth Acceleration,,TRUE
369,25.243761,-0.103259,,Smooth Deceleration,TRUE
370,24.797504,-0.446257,,Smooth Deceleration,TRUE
371,24.268015,-0.529489,,Smooth Deceleration,TRUE
372,23.46145,-0.806565,,Smooth Deceleration,TRUE
373,22.971554,-0.489896,,Smooth Deceleration,TRUE
374,22.586637,-0.384917,,Smooth Deceleration,TRUE
375,22.137953,-0.448684,,Smooth Deceleration,TRUE
376,21.82912,-0.308833,,Smooth Deceleration,TRUE
377,21.547121,-0.281999,,Smooth Deceleration,TRUE
378,21.239075,-0.308046,,Smooth Deceleration,TRUE
379,20.897387,-0.341688,,Smooth Deceleration,TRUE
380,20.652674,-0.244713,,Smooth Deceleration,TRUE
381,20.52842,-0.124254,,Smooth Deceleration,TRUE
382,20.352802,-0.175618,,Smooth Deceleration,TRUE
383,20.39205,0.039248,Smooth Acceleration,,TRUE
384,20.186691,-0.205359,,Smooth Deceleration,TRUE
385,19.980488,-0.206203,,Smooth Deceleration,TRUE
386,19.832417,-0.148071,,Smooth Deceleration,TRUE
387,19.68881,-0.143607,,Smooth Deceleration,TRUE
388,19.52737,-0.16144,,Smooth Deceleration,TRUE
389,19.383802,-0.143568,,Smooth Deceleration,TRUE
390,19.284029,-0.099773,,Smooth Deceleration,TRUE
391,19.140415,-0.143614,,Smooth Deceleration,TRUE
392,19.095432,-0.044983,,Smooth Deceleration,TRUE
393,18.768404,-0.327028,,Smooth Deceleration,TRUE
394,18.598764,-0.16964,,Smooth Deceleration,TRUE
395,18.047207,-0.551557,,Smooth Deceleration,TRUE
396,16.772036,-1.275171,,Smooth Deceleration,TRUE
397,15.911635,-0.860401,,Smooth Deceleration,TRUE
398,14.868004,-1.043631,,Smooth Deceleration,TRUE
399,13.51539,-1.352614,,Smooth Deceleration,TRUE
400,12.057496,-1.457894,,Smooth Deceleration,TRUE
401,10.469426,-1.58807,,Smooth Deceleration,TRUE
402,8.717615,-1.751811,,Smooth Deceleration,TRUE
403,6.329204,-2.388411,,Rapid Deceleration,FALSE
404,4.7489147,-1.5802893,,Smooth Deceleration,TRUE
405,4.5659,-0.1830147,,Smooth Deceleration,TRUE
406,4.727683,0.161783,Smooth Acceleration,,TRUE
407,5.3802176,0.6525346,Smooth Acceleration,,TRUE
408,5.8705635,0.4903459,Smooth Acceleration,,TRUE
409,5.348793,-0.5217705,,Smooth Deceleration,TRUE
410,4.7892466,-0.5595464,,Smooth Deceleration,TRUE
411,2.9554076,-1.833839,,Smooth Deceleration,TRUE
412,2.0520778,-0.9033298,,Smooth Deceleration,TRUE
413,2.1840432,0.1319654,Smooth Acceleration,,TRUE
414,2.951249,0.7672058,Smooth Acceleration,,TRUE
415,3.663523,0.712274,Smooth Acceleration,,TRUE
416,3.3633473,-0.3001757,,Smooth Deceleration,TRUE
417,3.0402112,-0.3231361,,Smooth Deceleration,TRUE
418,2.588308,-0.4519032,,Smooth Deceleration,TRUE
419,2.8134646,0.2251566,Smooth Acceleration,,TRUE
420,3.285231,0.4717664,Smooth Acceleration,,TRUE
421,4.505982,1.220751,Rapid Acceleration,,FALSE
422,5.839784,1.333802,Rapid Acceleration,,FALSE
423,6.2612395,0.4214555,Smooth Acceleration,,TRUE
424,6.53344,0.2722005,Smooth Acceleration,,TRUE
425,6.7222476,0.1888076,Smooth Acceleration,,TRUE
426,6.7455306,0.023283,Smooth Acceleration,,TRUE
427,6.8631024,0.1175718,Smooth Acceleration,,TRUE
428,7.0006194,0.137517,Smooth Acceleration,,TRUE
429,7.200228,0.1996086,Smooth Acceleration,,TRUE
430,7.3042665,0.1040385,Smooth Acceleration,,TRUE
431,7.023455,-0.2808115,,Smooth Deceleration,TRUE
432,6.6844673,-0.3389877,,Smooth Deceleration,TRUE
433,7.431891,0.7474237,Smooth Acceleration,,TRUE
434,7.8749137,0.4430227,Smooth Acceleration,,TRUE
435,8.12506,0.2501463,Smooth Acceleration,,TRUE
436,7.97227,-0.15279,,Smooth Deceleration,TRUE
437,8.118536,0.146266,Smooth Acceleration,,TRUE
438,8.460094,0.341558,Smooth Acceleration,,TRUE
439,8.860697,0.400603,Smooth Acceleration,,TRUE
440,9.084471,0.223774,Smooth Acceleration,,TRUE
441,8.849914,-0.234557,,Smooth Deceleration,TRUE
442,8.844065,-0.005849,,Smooth Deceleration,TRUE
443,8.969273,0.125208,Smooth Acceleration,,TRUE
444,9.103935,0.134662,Smooth Acceleration,,TRUE
445,9.093025,-0.01091,,Smooth Deceleration,TRUE
446,9.143273,0.050248,Smooth Acceleration,,TRUE
447,9.086303,-0.05697,,Smooth Deceleration,TRUE
448,8.746018,-0.340285,,Smooth Deceleration,TRUE
449,8.388674,-0.357344,,Smooth Deceleration,TRUE
450,8.085303,-0.303371,,Smooth Deceleration,TRUE
451,7.6693215,-0.4159815,,Smooth Deceleration,TRUE
452,7.824123,0.1548015,Smooth Acceleration,,TRUE
453,7.8016934,-0.0224296,,Smooth Deceleration,TRUE
454,8.042436,0.2407426,Smooth Acceleration,,TRUE
455,8.320274,0.277838,Smooth Acceleration,,TRUE
456,8.698397,0.378123,Smooth Acceleration,,TRUE
457,8.994938,0.296541,Smooth Acceleration,,TRUE
458,8.909245,-0.085693,,Smooth Deceleration,TRUE
459,8.625229,-0.284016,,Smooth Deceleration,TRUE
460,8.309596,-0.315633,,Smooth Deceleration,TRUE
461,8.0717325,-0.2378635,,Smooth Deceleration,TRUE
462,7.849609,-0.2221235,,Smooth Deceleration,TRUE
463,7.8499875,0.0003785,Smooth Acceleration,,TRUE
464,8.166979,0.3169915,Smooth Acceleration,,TRUE
465,8.375721,0.208742,Smooth Acceleration,,TRUE
466,8.497085,0.121364,Smooth Acceleration,,TRUE
467,8.303725,-0.19336,,Smooth Deceleration,TRUE
468,7.724195,-0.57953,,Smooth Deceleration,TRUE
469,6.9250016,-0.7991934,,Smooth Deceleration,TRUE
470,5.9399643,-0.9850373,,Smooth Deceleration,TRUE
471,3.8739548,-2.0660095,,Rapid Deceleration,FALSE
472,2.8264015,-1.0475533,,Smooth Deceleration,TRUE
473,1.329297,-1.4971045,,Smooth Deceleration,TRUE
474,1.167538,-0.161759,,Smooth Deceleration,TRUE
475,1.8629838,0.6954458,Smooth Acceleration,,TRUE
476,3.1027963,1.2398125,Rapid Acceleration,,FALSE
477,4.133516,1.0307197,Rapid Acceleration,,FALSE
478,5.519246,1.38573,Rapid Acceleration,,FALSE
479,6.930963,1.411717,Rapid Acceleration,,FALSE
480,7.5629635,0.6320005,Smooth Acceleration,,TRUE
481,8.313152,0.7501885,Smooth Acceleration,,TRUE
482,8.212029,-0.101123,,Smooth Deceleration,TRUE
483,7.00409,-1.207939,,Smooth Deceleration,TRUE
484,5.5741014,-1.4299886,,Smooth Deceleration,TRUE
485,4.950981,-0.6231204,,Smooth Deceleration,TRUE
486,3.4380145,-1.5129665,,Smooth Deceleration,TRUE
487,1.9969567,-1.4410578,,Smooth Deceleration,TRUE
488,1.3952463,-0.6017104,,Smooth Deceleration,TRUE
489,1.6400834,0.2448371,Smooth Acceleration,,TRUE
490,1.8067341,0.1666507,Smooth Acceleration,,TRUE
491,2.2605274,0.4537933,Smooth Acceleration,,TRUE
492,2.9066443,0.6461169,Smooth Acceleration,,TRUE
493,4.6200614,1.7134171,Rapid Acceleration,,FALSE
494,4.9161606,0.2960992,Smooth Acceleration,,TRUE
495,5.3722086,0.456048,Smooth Acceleration,,TRUE
496,5.483173,0.1109644,Smooth Acceleration,,TRUE
497,5.3505983,-0.1325747,,Smooth Deceleration,TRUE
498,4.9444366,-0.4061617,,Smooth Deceleration,TRUE
499,3.9327314,-1.0117052,,Smooth Deceleration,TRUE
500,2.88597,-1.0467614,,Smooth Deceleration,TRUE
501,1.8113335,-1.0746365,,Smooth Deceleration,TRUE
502,2.9062948,1.0949613,Rapid Acceleration,,FALSE
503,4.5456767,1.6393819,Rapid Acceleration,,FALSE
504,6.189983,1.6443063,Rapid Acceleration,,FALSE
505,7.1401234,0.9501404,Smooth Acceleration,,TRUE
506,7.5337996,0.3936762,Smooth Acceleration,,TRUE
507,7.9629498,0.4291502,Smooth Acceleration,,TRUE
508,8.230193,0.2672432,Smooth Acceleration,,TRUE
509,8.34609,0.115897,Smooth Acceleration,,TRUE
510,8.232812,-0.113278,,Smooth Deceleration,TRUE
511,7.9739075,-0.2589045,,Smooth Deceleration,TRUE
512,7.8656135,-0.108294,,Smooth Deceleration,TRUE
513,7.9155493,0.0499358,Smooth Acceleration,,TRUE
514,7.5605145,-0.3550348,,Smooth Deceleration,TRUE
515,6.845977,-0.7145375,,Smooth Deceleration,TRUE
516,6.4678793,-0.3780977,,Smooth Deceleration,TRUE
517,6.209716,-0.2581633,,Smooth Deceleration,TRUE
518,6.355577,0.145861,Smooth Acceleration,,TRUE
519,6.7278676,0.3722906,Smooth Acceleration,,TRUE
520,7.077034,0.3491664,Smooth Acceleration,,TRUE
521,6.9080024,-0.1690316,,Smooth Deceleration,TRUE
522,6.7421207,-0.1658817,,Smooth Deceleration,TRUE
523,6.3278747,-0.414246,,Smooth Deceleration,TRUE
524,5.227516,-1.1003587,,Smooth Deceleration,TRUE
525,3.3655093,-1.8620067,,Smooth Deceleration,TRUE
526,1.9608008,-1.4047085,,Smooth Deceleration,TRUE
527,1.181121,-0.7796798,,Smooth Deceleration,TRUE
528,1.3854506,0.2043296,Smooth Acceleration,,TRUE
529,1.93362,0.5481694,Smooth Acceleration,,TRUE
530,1.397575,-0.536045,,Smooth Deceleration,TRUE
531,1.0905418,-0.3070332,,Smooth Deceleration,TRUE
532,1.3003476,0.2098058,Smooth Acceleration,,TRUE
533,1.7290716,0.428724,Smooth Acceleration,,TRUE
534,3.186788,1.4577164,Rapid Acceleration,,FALSE
535,4.4343796,1.2475916,Rapid Acceleration,,FALSE
536,5.119688,0.6853084,Smooth Acceleration,,TRUE
537,5.7235827,0.6038947,Smooth Acceleration,,TRUE
538,6.5956635,0.8720808,Smooth Acceleration,,TRUE
539,6.615392,0.0197285,Smooth Acceleration,,TRUE
540,6.5052824,-0.1101096,,Smooth Deceleration,TRUE
541,6.379012,-0.1262704,,Smooth Deceleration,TRUE
542,6.367364,-0.011648,,Smooth Deceleration,TRUE
543,6.3507867,-0.0165773,,Smooth Deceleration,TRUE
544,6.466984,0.1161973,Smooth Acceleration,,TRUE
545,6.3862906,-0.0806934,,Smooth Deceleration,TRUE
546,5.9747276,-0.411563,,Smooth Deceleration,TRUE
547,4.8411717,-1.1335559,,Smooth Deceleration,TRUE
548,3.2464302,-1.5947415,,Smooth Deceleration,TRUE
549,2.7810118,-0.4654184,,Smooth Deceleration,TRUE
550,2.257652,-0.5233598,,Smooth Deceleration,TRUE
551,2.2895231,0.0318711,Smooth Acceleration,,TRUE
552,2.6856112,0.3960881,Smooth Acceleration,,TRUE
553,3.7205641,1.0349529,Rapid Acceleration,,FALSE
554,4.9936695,1.2731054,Rapid Acceleration,,FALSE
555,5.4089193,0.4152498,Smooth Acceleration,,TRUE
556,5.9778214,0.5689021,Smooth Acceleration,,TRUE
557,6.927571,0.9497496,Smooth Acceleration,,TRUE
558,7.725821,0.79825,Smooth Acceleration,,TRUE
559,8.135686,0.409865,Smooth Acceleration,,TRUE
560,8.314134,0.178448,Smooth Acceleration,,TRUE
561,8.558049,0.243915,Smooth Acceleration,,TRUE
562,8.699652,0.141603,Smooth Acceleration,,TRUE
563,8.542031,-0.157621,,Smooth Deceleration,TRUE
564,8.652619,0.110588,Smooth Acceleration,,TRUE
565,8.390912,-0.261707,,Smooth Deceleration,TRUE
566,6.730275,-1.660637,,Smooth Deceleration,TRUE
567,4.5270762,-2.2031988,,Rapid Deceleration,FALSE
568,2.873001,-1.6540752,,Smooth Deceleration,TRUE
569,3.2681174,0.3951164,Smooth Acceleration,,TRUE
570,4.2020736,0.9339562,Smooth Acceleration,,TRUE
571,5.260346,1.0582724,Rapid Acceleration,,FALSE
572,6.1433063,0.8829603,Smooth Acceleration,,TRUE
573,7.116169,0.9728627,Smooth Acceleration,,TRUE
574,7.9478407,0.8316717,Smooth Acceleration,,TRUE
575,8.011112,0.0632713,Smooth Acceleration,,TRUE
576,7.9656343,-0.0454777,,Smooth Deceleration,TRUE
577,8.237603,0.2719687,Smooth Acceleration,,TRUE
578,8.773448,0.535845,Smooth Acceleration,,TRUE
579,9.290884,0.517436,Smooth Acceleration,,TRUE
580,9.693059,0.402175,Smooth Acceleration,,TRUE
581,10.195294,0.502235,Smooth Acceleration,,TRUE
582,10.287455,0.092161,Smooth Acceleration,,TRUE
583,9.522266,-0.765189,,Smooth Deceleration,TRUE
584,7.683224,-1.839042,,Smooth Deceleration,TRUE
585,5.44056,-2.242664,,Rapid Deceleration,FALSE
586,3.838448,-1.602112,,Smooth Deceleration,TRUE
587,3.7298489,-0.1085991,,Smooth Deceleration,TRUE
588,3.823273,0.0934241,Smooth Acceleration,,TRUE
589,3.9951236,0.1718506,Smooth Acceleration,,TRUE
590,4.03047,0.0353464,Smooth Acceleration,,TRUE
591,4.0951557,0.0646857,Smooth Acceleration,,TRUE
592,3.933294,-0.1618617,,Smooth Deceleration,TRUE
593,3.4161558,-0.5171382,,Smooth Deceleration,TRUE
594,3.7106528,0.294497,Smooth Acceleration,,TRUE
595,4.0376115,0.3269587,Smooth Acceleration,,TRUE
596,4.375718,0.3381065,Smooth Acceleration,,TRUE
597,4.229905,-0.145813,,Smooth Deceleration,TRUE
598,3.761241,-0.468664,,Smooth Deceleration,TRUE
599,4.7843122,1.0230712,Rapid Acceleration,,FALSE
600,5.704002,0.9196898,Smooth Acceleration,,TRUE
601,6.295165,0.591163,Smooth Acceleration,,TRUE
602,6.0024986,-0.2926664,,Smooth Deceleration,TRUE
603,5.4600954,-0.5424032,,Smooth Deceleration,TRUE
604,5.2214303,-0.2386651,,Smooth Deceleration,TRUE
605,5.3203425,0.0989122,Smooth Acceleration,,TRUE
606,5.445122,0.1247795,Smooth Acceleration,,TRUE
607,5.599649,0.154527,Smooth Acceleration,,TRUE
608,5.7196417,0.1199927,Smooth Acceleration,,TRUE
609,5.8852324,0.1655907,Smooth Acceleration,,TRUE
610,6.0231423,0.1379099,Smooth Acceleration,,TRUE
611,6.159325,0.1361827,Smooth Acceleration,,TRUE
612,6.0650935,-0.0942315,,Smooth Deceleration,TRUE
613,5.705918,-0.3591755,,Smooth Deceleration,TRUE
614,4.5183077,-1.1876103,,Smooth Deceleration,TRUE
615,2.765511,-1.7527967,,Smooth Deceleration,TRUE
616,2.2801995,-0.4853115,,Smooth Deceleration,TRUE
617,2.8915446,0.6113451,Smooth Acceleration,,TRUE
618,4.44918,1.5576354,Rapid Acceleration,,FALSE
619,5.8171716,1.3679916,Rapid Acceleration,,FALSE
620,6.077563,0.2603914,Smooth Acceleration,,TRUE
621,6.950772,0.873209,Smooth Acceleration,,TRUE
622,7.4885144,0.5377424,Smooth Acceleration,,TRUE
623,7.8532333,0.3647189,Smooth Acceleration,,TRUE
624,8.085439,0.2322057,Smooth Acceleration,,TRUE
625,8.24099,0.155551,Smooth Acceleration,,TRUE
626,8.262156,0.021166,Smooth Acceleration,,TRUE
627,8.231132,-0.031024,,Smooth Deceleration,TRUE
628,8.175392,-0.05574,,Smooth Deceleration,TRUE
629,8.09985,-0.075542,,Smooth Deceleration,TRUE
630,8.003709,-0.096141,,Smooth Deceleration,TRUE
631,7.928981,-0.074728,,Smooth Deceleration,TRUE
632,7.6151733,-0.3138077,,Smooth Deceleration,TRUE
633,6.9929557,-0.6222176,,Smooth Deceleration,TRUE
634,6.50015,-0.4928057,,Smooth Deceleration,TRUE
635,6.313532,-0.186618,,Smooth Deceleration,TRUE
636,6.248406,-0.065126,,Smooth Deceleration,TRUE
637,5.9640694,-0.2843366,,Smooth Deceleration,TRUE
638,4.8737636,-1.0903058,,Smooth Deceleration,TRUE
639,2.6913092,-2.1824544,,Rapid Deceleration,FALSE
640,2.1939719,-0.4973373,,Smooth Deceleration,TRUE
641,2.554955,0.3609831,Smooth Acceleration,,TRUE
642,3.5909824,1.0360274,Rapid Acceleration,,FALSE
643,4.5326867,0.9417043,Smooth Acceleration,,TRUE
644,4.399214,-0.1334727,,Smooth Deceleration,TRUE
645,4.7888064,0.3895924,Smooth Acceleration,,TRUE
646,5.410575,0.6217686,Smooth Acceleration,,TRUE
647,5.925483,0.514908,Smooth Acceleration,,TRUE
648,6.6598134,0.7343304,Smooth Acceleration,,TRUE
649,7.0953536,0.4355402,Smooth Acceleration,,TRUE
650,7.1397104,0.0443568,Smooth Acceleration,,TRUE
651,6.908349,-0.2313614,,Smooth Deceleration,TRUE
652,6.2371306,-0.6712184,,Smooth Deceleration,TRUE
653,5.882314,-0.3548166,,Smooth Deceleration,TRUE
654,5.74242,-0.139894,,Smooth Deceleration,TRUE
655,5.6124697,-0.1299503,,Smooth Deceleration,TRUE
656,5.868131,0.2556613,Smooth Acceleration,,TRUE
657,5.875332,0.007201,Smooth Acceleration,,TRUE
658,6.0303736,0.1550416,Smooth Acceleration,,TRUE
659,6.2328734,0.2024998,Smooth Acceleration,,TRUE
660,6.5225077,0.2896343,Smooth Acceleration,,TRUE
661,6.858006,0.3354983,Smooth Acceleration,,TRUE
662,7.1979628,0.3399568,Smooth Acceleration,,TRUE
663,7.040244,-0.1577188,,Smooth Deceleration,TRUE
664,7.1733055,0.1330615,Smooth Acceleration,,TRUE
665,7.301337,0.1280315,Smooth Acceleration,,TRUE
666,7.297538,-0.003799,,Smooth Deceleration,TRUE
667,7.8192654,0.5217274,Smooth Acceleration,,TRUE
668,8.222642,0.4033766,Smooth Acceleration,,TRUE
669,8.560245,0.337603,Smooth Acceleration,,TRUE
670,8.716473,0.156228,Smooth Acceleration,,TRUE
671,8.48997,-0.226503,,Smooth Deceleration,TRUE
672,8.189085,-0.300885,,Smooth Deceleration,TRUE
673,7.715305,-0.47378,,Smooth Deceleration,TRUE
674,7.02781,-0.687495,,Smooth Deceleration,TRUE
675,6.012929,-1.014881,,Smooth Deceleration,TRUE
676,4.3475866,-1.6653424,,Smooth Deceleration,TRUE
677,3.6968155,-0.6507711,,Smooth Deceleration,TRUE
678,2.8078666,-0.8889489,,Smooth Deceleration,TRUE
679,2.5564134,-0.2514532,,Smooth Deceleration,TRUE
680,2.4810774,-0.075336,,Smooth Deceleration,TRUE
681,3.1720295,0.6909521,Smooth Acceleration,,TRUE
682,4.347998,1.1759685,Rapid Acceleration,,FALSE
683,4.614898,0.2669,Smooth Acceleration,,TRUE
684,5.067811,0.452913,Smooth Acceleration,,TRUE
685,5.326459,0.258648,Smooth Acceleration,,TRUE
686,5.6810594,0.3546004,Smooth Acceleration,,TRUE
687,5.981876,0.3008166,Smooth Acceleration,,TRUE
688,6.279194,0.297318,Smooth Acceleration,,TRUE
689,6.419631,0.140437,Smooth Acceleration,,TRUE
690,6.040364,-0.379267,,Smooth Deceleration,TRUE
691,6.016091,-0.024273,,Smooth Deceleration,TRUE
692,5.9090924,-0.1069986,,Smooth Deceleration,TRUE
693,5.6875687,-0.2215237,,Smooth Deceleration,TRUE
694,5.8622036,0.1746349,Smooth Acceleration,,TRUE
695,6.0422153,0.1800117,Smooth Acceleration,,TRUE
696,5.8470445,-0.1951708,,Smooth Deceleration,TRUE
697,5.6892805,-0.157764,,Smooth Deceleration,TRUE
698,5.4742217,-0.2150588,,Smooth Deceleration,TRUE
699,5.2013035,-0.2729182,,Smooth Deceleration,TRUE
700,4.8914237,-0.3098798,,Smooth Deceleration,TRUE
701,4.3430147,-0.548409,,Smooth Deceleration,TRUE
702,4.26303,-0.0799847,,Smooth Deceleration,TRUE
703,4.146473,-0.116557,,Smooth Deceleration,TRUE
704,3.9617074,-0.1847656,,Smooth Deceleration,TRUE
705,4.195384,0.2336766,Smooth Acceleration,,TRUE
706,4.3794904,0.1841064,Smooth Acceleration,,TRUE
707,4.4186945,0.0392041,Smooth Acceleration,,TRUE
708,3.9585557,-0.4601388,,Smooth Deceleration,TRUE
709,3.115061,-0.8434947,,Smooth Deceleration,TRUE
710,2.2706494,-0.8444116,,Smooth Deceleration,TRUE
711,1.2125721,-1.0580773,,Smooth Deceleration,TRUE
712,0.8606717,-0.3519004,,Smooth Deceleration,TRUE
713,1.8806766,1.0200049,Rapid Acceleration,,FALSE
714,2.9777393,1.0970627,Rapid Acceleration,,FALSE
715,3.846008,0.8682687,Smooth Acceleration,,TRUE
716,4.1525555,0.3065475,Smooth Acceleration,,TRUE
717,4.5013137,0.3487582,Smooth Acceleration,,TRUE
718,4.682915,0.1816013,Smooth Acceleration,,TRUE
719,5.048207,0.365292,Smooth Acceleration,,TRUE
720,5.4252214,0.3770144,Smooth Acceleration,,TRUE
721,5.5963135,0.1710921,Smooth Acceleration,,TRUE
722,6.0458994,0.4495859,Smooth Acceleration,,TRUE
723,6.493881,0.4479816,Smooth Acceleration,,TRUE
724,6.685661,0.19178,Smooth Acceleration,,TRUE
725,6.807362,0.121701,Smooth Acceleration,,TRUE
726,6.9693832,0.1620212,Smooth Acceleration,,TRUE
727,6.806467,-0.1629162,,Smooth Deceleration,TRUE
728,6.8484116,0.0419446,Smooth Acceleration,,TRUE
729,6.8018374,-0.0465742,,Smooth Deceleration,TRUE
730,6.8059206,0.0040832,Smooth Acceleration,,TRUE
731,6.9317603,0.1258397,Smooth Acceleration,,TRUE
732,7.0361376,0.1043773,Smooth Acceleration,,TRUE
733,7.151998,0.1158604,Smooth Acceleration,,TRUE
734,7.205999,0.054001,Smooth Acceleration,,TRUE
735,7.2178955,0.0118965,Smooth Acceleration,,TRUE
736,7.176557,-0.0413385,,Smooth Deceleration,TRUE
737,6.882753,-0.293804,,Smooth Deceleration,TRUE
738,6.6885047,-0.1942483,,Smooth Deceleration,TRUE
739,6.4014397,-0.287065,,Smooth Deceleration,TRUE
740,6.3650336,-0.0364061,,Smooth Deceleration,TRUE
741,6.5400333,0.1749997,Smooth Acceleration,,TRUE
742,6.5517297,0.0116964,Smooth Acceleration,,TRUE
743,6.760189,0.2084593,Smooth Acceleration,,TRUE
744,6.6900125,-0.0701765,,Smooth Deceleration,TRUE
745,6.2694526,-0.4205599,,Smooth Deceleration,TRUE
746,6.311916,0.0424634,Smooth Acceleration,,TRUE
747,6.6532745,0.3413585,Smooth Acceleration,,TRUE
748,6.817296,0.1640215,Smooth Acceleration,,TRUE
749,6.5857544,-0.2315416,,Smooth Deceleration,TRUE
750,6.4724374,-0.113317,,Smooth Deceleration,TRUE
751,6.0496807,-0.4227567,,Smooth Deceleration,TRUE
752,5.916812,-0.1328687,,Smooth Deceleration,TRUE
753,5.739647,-0.177165,,Smooth Deceleration,TRUE
754,5.5299044,-0.2097426,,Smooth Deceleration,TRUE
755,5.341833,-0.1880714,,Smooth Deceleration,TRUE
756,5.2591405,-0.0826925,,Smooth Deceleration,TRUE
757,5.0572,-0.2019405,,Smooth Deceleration,TRUE
758,4.861764,-0.195436,,Smooth Deceleration,TRUE
759,4.4142194,-0.4475446,,Smooth Deceleration,TRUE
760,4.1383348,-0.2758846,,Smooth Deceleration,TRUE
761,4.2665706,0.1282358,Smooth Acceleration,,TRUE
762,4.759962,0.4933914,Smooth Acceleration,,TRUE
763,5.0829268,0.3229648,Smooth Acceleration,,TRUE
764,5.3283644,0.2454376,Smooth Acceleration,,TRUE
765,5.2925224,-0.035842,,Smooth Deceleration,TRUE
766,4.9848304,-0.307692,,Smooth Deceleration,TRUE
767,4.5583653,-0.4264651,,Smooth Deceleration,TRUE
768,4.4917765,-0.0665888,,Smooth Deceleration,TRUE
770,4.6711755,0.0896995,Smooth Acceleration,,TRUE
771,4.785096,0.1139205,Smooth Acceleration,,TRUE
772,5.2956753,0.5105793,Smooth Acceleration,,TRUE
773,5.53786,0.2421847,Smooth Acceleration,,TRUE
774,5.748486,0.210626,Smooth Acceleration,,TRUE
775,5.9124784,0.1639924,Smooth Acceleration,,TRUE
776,6.209453,0.2969746,Smooth Acceleration,,TRUE
777,6.230431,0.020978,Smooth Acceleration,,TRUE
778,6.382931,0.1525,Smooth Acceleration,,TRUE
779,6.7647505,0.3818195,Smooth Acceleration,,TRUE
780,7.4592805,0.69453,Smooth Acceleration,,TRUE
781,8.2188015,0.759521,Smooth Acceleration,,TRUE
782,8.169016,-0.0497855,,Smooth Deceleration,TRUE
783,8.14104,-0.027976,,Smooth Deceleration,TRUE
784,8.426467,0.285427,Smooth Acceleration,,TRUE
785,8.508675,0.082208,Smooth Acceleration,,TRUE
786,8.209956,-0.298719,,Smooth Deceleration,TRUE
787,8.113242,-0.096714,,Smooth Deceleration,TRUE
788,7.7988014,-0.3144406,,Smooth Deceleration,TRUE
789,7.261077,-0.5377244,,Smooth Deceleration,TRUE
790,6.285061,-0.976016,,Smooth Deceleration,TRUE
791,5.0631843,-1.2218767,,Smooth Deceleration,TRUE
792,5.3144116,0.2512273,Smooth Acceleration,,TRUE
793,5.4873066,0.172895,Smooth Acceleration,,TRUE
794,5.504352,0.0170454,Smooth Acceleration,,TRUE
795,5.655504,0.151152,Smooth Acceleration,,TRUE
796,5.7033205,0.0478165,Smooth Acceleration,,TRUE
797,5.551817,-0.1515035,,Smooth Deceleration,TRUE
798,5.6349525,0.0831355,Smooth Acceleration,,TRUE
799,5.8566794,0.2217269,Smooth Acceleration,,TRUE
800,5.765307,-0.0913724,,Smooth Deceleration,TRUE
801,6.3462367,0.5809297,Smooth Acceleration,,TRUE
802,6.4857903,0.1395536,Smooth Acceleration,,TRUE
803,6.750631,0.2648407,Smooth Acceleration,,TRUE
804,6.9061556,0.1555246,Smooth Acceleration,,TRUE
805,6.563173,-0.3429826,,Smooth Deceleration,TRUE
806,6.19784,-0.365333,,Smooth Deceleration,TRUE
807,5.835836,-0.362004,,Smooth Deceleration,TRUE
808,5.363381,-0.472455,,Smooth Deceleration,TRUE
809,5.313972,-0.049409,,Smooth Deceleration,TRUE
810,4.976304,-0.337668,,Smooth Deceleration,TRUE
811,6.141173,1.164869,Rapid Acceleration,,FALSE
812,6.807592,0.666419,Smooth Acceleration,,TRUE
813,6.814946,0.007354,Smooth Acceleration,,TRUE
814,6.9039817,0.0890357,Smooth Acceleration,,TRUE
815,6.799022,-0.1049597,,Smooth Deceleration,TRUE
816,6.2561,-0.542922,,Smooth Deceleration,TRUE
817,4.534823,-1.721277,,Smooth Deceleration,TRUE
818,2.9014716,-1.6333514,,Smooth Deceleration,TRUE
819,2.2442462,-0.6572254,,Smooth Deceleration,TRUE
820,2.414585,0.1703388,Smooth Acceleration,,TRUE
821,4.374392,1.959807,Rapid Acceleration,,FALSE
822,4.8257046,0.4513126,Smooth Acceleration,,TRUE
823,5.3742294,0.5485248,Smooth Acceleration,,TRUE
824,6.6364226,1.2621932,Rapid Acceleration,,FALSE
825,7.627659,0.9912364,Smooth Acceleration,,TRUE
826,7.9888396,0.3611806,Smooth Acceleration,,TRUE
827,7.782741,-0.2060986,,Smooth Deceleration,TRUE
828,7.763661,-0.01908,,Smooth Deceleration,TRUE
829,7.8803124,0.1166514,Smooth Acceleration,,TRUE
830,7.9940453,0.1137329,Smooth Acceleration,,TRUE
831,8.196498,0.2024527,Smooth Acceleration,,TRUE
832,8.20541,0.008912,Smooth Acceleration,,TRUE
833,8.235209,0.029799,Smooth Acceleration,,TRUE
834,8.289669,0.05446,Smooth Acceleration,,TRUE
835,8.001498,-0.288171,,Smooth Deceleration,TRUE
836,7.534299,-0.467199,,Smooth Deceleration,TRUE
837,6.311505,-1.222794,,Smooth Deceleration,TRUE
838,4.970933,-1.340572,,Smooth Deceleration,TRUE
839,4.041762,-0.929171,,Smooth Deceleration,TRUE
840,5.474148,1.432386,Rapid Acceleration,,FALSE
841,5.7848635,0.3107155,Smooth Acceleration,,TRUE
842,6.367208,0.5823445,Smooth Acceleration,,TRUE
843,6.85544,0.488232,Smooth Acceleration,,TRUE
844,7.7272243,0.8717843,Smooth Acceleration,,TRUE
845,7.838125,0.1109007,Smooth Acceleration,,TRUE
846,8.162469,0.324344,Smooth Acceleration,,TRUE
847,8.263079,0.10061,Smooth Acceleration,,TRUE
848,8.069236,-0.193843,,Smooth Deceleration,TRUE
849,7.457995,-0.611241,,Smooth Deceleration,TRUE
850,6.8333354,-0.6246596,,Smooth Deceleration,TRUE
851,6.2405796,-0.5927558,,Smooth Deceleration,TRUE
852,5.3977146,-0.842865,,Smooth Deceleration,TRUE
853,3.7720459,-1.6256687,,Smooth Deceleration,TRUE
854,2.4940865,-1.2779594,,Smooth Deceleration,TRUE
855,1.2344162,-1.2596703,,Smooth Deceleration,TRUE
856,0.3430294,-0.8913868,,Smooth Deceleration,TRUE
857,0.018654933,-0.324374467,,Smooth Deceleration,TRUE
858,0.048813857,0.030158924,Smooth Acceleration,,TRUE
859,0.028573303,-0.020240554,,Smooth Deceleration,TRUE
860,0.019755706,-0.008817597,,Smooth Deceleration,TRUE
861,0.0433074,0.023551694,Smooth Acceleration,,TRUE
862,0.06571977,0.02241237,Smooth Acceleration,,TRUE
863,0.14812942,0.08240965,Smooth Acceleration,,TRUE
864,0.5074819,0.35935248,Smooth Acceleration,,TRUE
865,1.5601281,1.0526462,Rapid Acceleration,,FALSE
866,3.2187662,1.6586381,Rapid Acceleration,,FALSE
867,3.9359908,0.7172246,Smooth Acceleration,,TRUE
868,4.639435,0.7034442,Smooth Acceleration,,TRUE
869,4.7803826,0.1409476,Smooth Acceleration,,TRUE
870,5.5065928,0.7262102,Smooth Acceleration,,TRUE
871,6.259169,0.7525762,Smooth Acceleration,,TRUE
872,6.25392,-0.005249,,Smooth Deceleration,TRUE
873,5.8313885,-0.4225315,,Smooth Deceleration,TRUE
874,6.0726237,0.2412352,Smooth Acceleration,,TRUE
875,6.539898,0.4672743,Smooth Acceleration,,TRUE
876,7.114567,0.574669,Smooth Acceleration,,TRUE
877,7.6491737,0.5346067,Smooth Acceleration,,TRUE
878,8.25372,0.6045463,Smooth Acceleration,,TRUE
879,8.413947,0.160227,Smooth Acceleration,,TRUE
880,8.236438,-0.177509,,Smooth Deceleration,TRUE
881,7.751181,-0.485257,,Smooth Deceleration,TRUE
882,7.7076893,-0.0434917,,Smooth Deceleration,TRUE
883,7.6584487,-0.0492406,,Smooth Deceleration,TRUE
884,7.328276,-0.3301727,,Smooth Deceleration,TRUE
885,7.325161,-0.003115,,Smooth Deceleration,TRUE
886,6.9746823,-0.3504787,,Smooth Deceleration,TRUE
887,6.253009,-0.7216733,,Smooth Deceleration,TRUE
888,5.659461,-0.593548,,Smooth Deceleration,TRUE
889,5.3083606,-0.3511004,,Smooth Deceleration,TRUE
890,4.8928366,-0.415524,,Smooth Deceleration,TRUE
891,4.5796733,-0.3131633,,Smooth Deceleration,TRUE
892,4.8953648,0.3156915,Smooth Acceleration,,TRUE
893,4.9444532,0.0490884,Smooth Acceleration,,TRUE
894,5.225351,0.2808978,Smooth Acceleration,,TRUE
895,5.861721,0.63637,Smooth Acceleration,,TRUE
896,6.156305,0.294584,Smooth Acceleration,,TRUE
897,6.460699,0.304394,Smooth Acceleration,,TRUE
898,6.726608,0.265909,Smooth Acceleration,,TRUE
899,6.650372,-0.076236,,Smooth Deceleration,TRUE
900,6.595489,-0.054883,,Smooth Deceleration,TRUE
901,6.4681334,-0.1273556,,Smooth Deceleration,TRUE
902,6.428345,-0.0397884,,Smooth Deceleration,TRUE
903,6.569049,0.140704,Smooth Acceleration,,TRUE
904,6.7662783,0.1972293,Smooth Acceleration,,TRUE
905,7.0979023,0.331624,Smooth Acceleration,,TRUE
906,7.254235,0.1563327,Smooth Acceleration,,TRUE
907,6.965085,-0.28915,,Smooth Deceleration,TRUE
908,6.11541,-0.849675,,Smooth Deceleration,TRUE
909,4.4703445,-1.6450655,,Smooth Deceleration,TRUE
910,3.5270336,-0.9433109,,Smooth Deceleration,TRUE
911,3.884984,0.3579504,Smooth Acceleration,,TRUE
912,4.3276863,0.4427023,Smooth Acceleration,,TRUE
913,5.1202803,0.792594,Smooth Acceleration,,TRUE
914,5.9136076,0.7933273,Smooth Acceleration,,TRUE
915,6.684444,0.7708364,Smooth Acceleration,,TRUE
916,6.9604,0.275956,Smooth Acceleration,,TRUE
917,7.170495,0.210095,Smooth Acceleration,,TRUE
918,7.329167,0.158672,Smooth Acceleration,,TRUE
919,7.284401,-0.044766,,Smooth Deceleration,TRUE
920,7.126894,-0.157507,,Smooth Deceleration,TRUE
921,7.0264726,-0.1004214,,Smooth Deceleration,TRUE
922,6.869184,-0.1572886,,Smooth Deceleration,TRUE
923,6.9613314,0.0921474,Smooth Acceleration,,TRUE
924,7.096439,0.1351076,Smooth Acceleration,,TRUE
925,7.2243814,0.1279424,Smooth Acceleration,,TRUE
926,7.216993,-0.0073884,,Smooth Deceleration,TRUE
927,7.1592836,-0.0577094,,Smooth Deceleration,TRUE
928,7.221061,0.0617774,Smooth Acceleration,,TRUE
929,7.414578,0.193517,Smooth Acceleration,,TRUE
930,7.5296707,0.1150927,Smooth Acceleration,,TRUE
931,7.580066,0.0503953,Smooth Acceleration,,TRUE
932,7.6803455,0.1002795,Smooth Acceleration,,TRUE
933,7.6312256,-0.0491199,,Smooth Deceleration,TRUE
934,7.5343432,-0.0968824,,Smooth Deceleration,TRUE
935,7.598899,0.0645558,Smooth Acceleration,,TRUE
936,7.588027,-0.010872,,Smooth Deceleration,TRUE
937,7.446825,-0.141202,,Smooth Deceleration,TRUE
938,6.711725,-0.7351,,Smooth Deceleration,TRUE
939,5.349321,-1.362404,,Smooth Deceleration,TRUE
940,3.9254696,-1.4238514,,Smooth Deceleration,TRUE
941,4.2082148,0.2827452,Smooth Acceleration,,TRUE
942,4.9935985,0.7853837,Smooth Acceleration,,TRUE
943,5.7222548,0.7286563,Smooth Acceleration,,TRUE
944,6.3174176,0.5951628,Smooth Acceleration,,TRUE
945,6.95938,0.6419624,Smooth Acceleration,,TRUE
946,7.5399647,0.5805847,Smooth Acceleration,,TRUE
947,7.633816,0.0938513,Smooth Acceleration,,TRUE
948,7.133212,-0.500604,,Smooth Deceleration,TRUE
949,6.426422,-0.70679,,Smooth Deceleration,TRUE
950,4.850835,-1.575587,,Smooth Deceleration,TRUE
951,3.5687854,-1.2820496,,Smooth Deceleration,TRUE
952,3.6818001,0.1130147,Smooth Acceleration,,TRUE
953,4.9731903,1.2913902,Rapid Acceleration,,FALSE
954,5.995374,1.0221837,Rapid Acceleration,,FALSE
955,6.6486287,0.6532547,Smooth Acceleration,,TRUE
956,7.4939303,0.8453016,Smooth Acceleration,,TRUE
957,8.314251,0.8203207,Smooth Acceleration,,TRUE
958,8.403248,0.088997,Smooth Acceleration,,TRUE
959,8.30663,-0.096618,,Smooth Deceleration,TRUE
960,8.326956,0.020326,Smooth Acceleration,,TRUE
961,8.421293,0.094337,Smooth Acceleration,,TRUE
962,8.503445,0.082152,Smooth Acceleration,,TRUE
963,8.70806,0.204615,Smooth Acceleration,,TRUE
964,8.604521,-0.103539,,Smooth Deceleration,TRUE
965,8.913059,0.308538,Smooth Acceleration,,TRUE
966,9.1538925,0.2408335,Smooth Acceleration,,TRUE
967,9.311352,0.1574595,Smooth Acceleration,,TRUE
968,9.223899,-0.087453,,Smooth Deceleration,TRUE
969,8.881664,-0.342235,,Smooth Deceleration,TRUE
970,8.63083,-0.250834,,Smooth Deceleration,TRUE
971,8.114967,-0.515863,,Smooth Deceleration,TRUE
972,7.132228,-0.982739,,Smooth Deceleration,TRUE
973,5.9959006,-1.1363274,,Smooth Deceleration,TRUE
974,4.8933473,-1.1025533,,Smooth Deceleration,TRUE
975,3.4345307,-1.4588166,,Smooth Deceleration,TRUE
976,1.8723257,-1.562205,,Smooth Deceleration,TRUE
977,1.9243878,0.0520621,Smooth Acceleration,,TRUE
978,2.8866348,0.962247,Smooth Acceleration,,TRUE
979,4.8755393,1.9889045,Rapid Acceleration,,FALSE
980,5.220865,0.3453257,Smooth Acceleration,,TRUE
981,5.4108744,0.1900094,Smooth Acceleration,,TRUE
982,6.2239113,0.8130369,Smooth Acceleration,,TRUE
983,6.702667,0.4787557,Smooth Acceleration,,TRUE
984,7.0741167,0.3714497,Smooth Acceleration,,TRUE
985,6.4641767,-0.60994,,Smooth Deceleration,TRUE
986,5.162532,-1.3016447,,Smooth Deceleration,TRUE
987,4.5794497,-0.5830823,,Smooth Deceleration,TRUE
988,5.3272967,0.747847,Smooth Acceleration,,TRUE
989,5.3132057,-0.014091,,Smooth Deceleration,TRUE
990,5.54864,0.2354343,Smooth Acceleration,,TRUE
991,5.9298096,0.3811696,Smooth Acceleration,,TRUE
992,6.439232,0.5094224,Smooth Acceleration,,TRUE
993,6.870871,0.431639,Smooth Acceleration,,TRUE
994,7.4043374,0.5334664,Smooth Acceleration,,TRUE
995,7.539157,0.1348196,Smooth Acceleration,,TRUE
996,8.008774,0.469617,Smooth Acceleration,,TRUE
997,8.0673485,0.0585745,Smooth Acceleration,,TRUE
998,8.195341,0.1279925,Smooth Acceleration,,TRUE
999,8.268096,0.072755,Smooth Acceleration,,TRUE
1000,8.2103195,-0.0577765,,Smooth Deceleration,TRUE
1001,8.221901,0.0115815,Smooth Acceleration,,TRUE
1002,8.277634,0.055733,Smooth Acceleration,,TRUE
1003,8.370066,0.092432,Smooth Acceleration,,TRUE
1004,8.410245,0.040179,Smooth Acceleration,,TRUE
1005,8.421369,0.011124,Smooth Acceleration,,TRUE
1006,8.376266,-0.045103,,Smooth Deceleration,TRUE
1007,8.252935,-0.123331,,Smooth Deceleration,TRUE
1008,7.6961236,-0.5568114,,Smooth Deceleration,TRUE
1009,6.385316,-1.3108076,,Smooth Deceleration,TRUE
1010,5.0746236,-1.3106924,,Smooth Deceleration,TRUE
1011,4.560634,-0.5139896,,Smooth Deceleration,TRUE
1012,4.471174,-0.08946,,Smooth Deceleration,TRUE
1013,4.730101,0.258927,Smooth Acceleration,,TRUE
1014,5.4191666,0.6890656,Smooth Acceleration,,TRUE
1015,5.7519345,0.3327679,Smooth Acceleration,,TRUE
1016,6.3009944,0.5490599,Smooth Acceleration,,TRUE
1017,6.636054,0.3350596,Smooth Acceleration,,TRUE
1018,6.0089974,-0.6270566,,Smooth Deceleration,TRUE
1019,5.2335205,-0.7754769,,Smooth Deceleration,TRUE
1020,5.2694135,0.035893,Smooth Acceleration,,TRUE
1021,5.5540333,0.2846198,Smooth Acceleration,,TRUE
1022,5.6120663,0.058033,Smooth Acceleration,,TRUE
1023,5.3899837,-0.2220826,,Smooth Deceleration,TRUE
1024,5.0111775,-0.3788062,,Smooth Deceleration,TRUE
1025,4.914617,-0.0965605,,Smooth Deceleration,TRUE
1026,4.425061,-0.489556,,Smooth Deceleration,TRUE
1027,4.4364457,0.0113847,Smooth Acceleration,,TRUE
1028,4.404654,-0.0317917,,Smooth Deceleration,TRUE
1029,4.7567716,0.3521176,Smooth Acceleration,,TRUE
1030,5.1141796,0.357408,Smooth Acceleration,,TRUE
1031,5.689999,0.5758194,Smooth Acceleration,,TRUE
1032,6.142801,0.452802,Smooth Acceleration,,TRUE
1033,6.4668446,0.3240436,Smooth Acceleration,,TRUE
1034,6.6835227,0.2166781,Smooth Acceleration,,TRUE
1035,6.879108,0.1955853,Smooth Acceleration,,TRUE
1036,6.844417,-0.034691,,Smooth Deceleration,TRUE
1037,7.018211,0.173794,Smooth Acceleration,,TRUE
1038,7.2680073,0.2497963,Smooth Acceleration,,TRUE
1039,7.54503,0.2770227,Smooth Acceleration,,TRUE
1040,7.5697107,0.0246807,Smooth Acceleration,,TRUE
1041,7.412218,-0.1574927,,Smooth Deceleration,TRUE
1042,7.367504,-0.044714,,Smooth Deceleration,TRUE
1043,7.5490727,0.1815687,Smooth Acceleration,,TRUE
1044,7.68386,0.1347873,Smooth Acceleration,,TRUE
1045,7.9115624,0.2277024,Smooth Acceleration,,TRUE
1046,8.049329,0.1377666,Smooth Acceleration,,TRUE
1047,8.034024,-0.015305,,Smooth Deceleration,TRUE
1048,8.206562,0.172538,Smooth Acceleration,,TRUE
1049,8.503043,0.296481,Smooth Acceleration,,TRUE
1050,8.779916,0.276873,Smooth Acceleration,,TRUE
1051,8.834878,0.054962,Smooth Acceleration,,TRUE
1052,8.635408,-0.19947,,Smooth Deceleration,TRUE
1053,8.127748,-0.50766,,Smooth Deceleration,TRUE
1054,7.962163,-0.165585,,Smooth Deceleration,TRUE
1055,7.859169,-0.102994,,Smooth Deceleration,TRUE
1056,7.984848,0.125679,Smooth Acceleration,,TRUE
1057,8.109596,0.124748,Smooth Acceleration,,TRUE
1058,8.10981,0.000214,Smooth Acceleration,,TRUE
1059,8.156931,0.047121,Smooth Acceleration,,TRUE
1060,8.450513,0.293582,Smooth Acceleration,,TRUE
1061,8.511892,0.061379,Smooth Acceleration,,TRUE
1062,8.542723,0.030831,Smooth Acceleration,,TRUE
1063,8.662492,0.119769,Smooth Acceleration,,TRUE
1064,8.777124,0.114632,Smooth Acceleration,,TRUE
1065,8.618868,-0.158256,,Smooth Deceleration,TRUE
1066,7.804562,-0.814306,,Smooth Deceleration,TRUE
1067,6.839597,-0.964965,,Smooth Deceleration,TRUE
1068,5.947433,-0.892164,,Smooth Deceleration,TRUE
1069,5.0590754,-0.8883576,,Smooth Deceleration,TRUE
1070,4.538178,-0.5208974,,Smooth Deceleration,TRUE
1071,3.6839194,-0.8542586,,Smooth Deceleration,TRUE
1072,3.1126485,-0.5712709,,Smooth Deceleration,TRUE
1073,3.2176428,0.1049943,Smooth Acceleration,,TRUE
1074,3.6210582,0.4034154,Smooth Acceleration,,TRUE
1075,3.727598,0.1065398,Smooth Acceleration,,TRUE
1076,4.0868964,0.3592984,Smooth Acceleration,,TRUE
1077,4.210785,0.1238886,Smooth Acceleration,,TRUE
1078,4.3382874,0.1275024,Smooth Acceleration,,TRUE
1079,4.479152,0.1408646,Smooth Acceleration,,TRUE
1080,4.7974973,0.3183453,Smooth Acceleration,,TRUE
1081,4.868998,0.0715007,Smooth Acceleration,,TRUE
1082,5.0574484,0.1884504,Smooth Acceleration,,TRUE
1083,5.431144,0.3736956,Smooth Acceleration,,TRUE
1084,6.097739,0.666595,Smooth Acceleration,,TRUE
1085,6.3813286,0.2835896,Smooth Acceleration,,TRUE
1086,6.2492514,-0.1320772,,Smooth Deceleration,TRUE
1087,5.978624,-0.2706274,,Smooth Deceleration,TRUE
1088,6.6211977,0.6425737,Smooth Acceleration,,TRUE
1089,7.3472576,0.7260599,Smooth Acceleration,,TRUE
1090,8.100811,0.7535534,Smooth Acceleration,,TRUE
1091,8.73485,0.634039,Smooth Acceleration,,TRUE
1092,8.684583,-0.050267,,Smooth Deceleration,TRUE
1093,8.597291,-0.087292,,Smooth Deceleration,TRUE
1094,8.050985,-0.546306,,Smooth Deceleration,TRUE
1095,8.001018,-0.049967,,Smooth Deceleration,TRUE
1096,7.7782044,-0.2228136,,Smooth Deceleration,TRUE
1097,7.6838446,-0.0943598,,Smooth Deceleration,TRUE
1098,7.8330626,0.149218,Smooth Acceleration,,TRUE
1099,8.037611,0.2045484,Smooth Acceleration,,TRUE
1100,8.179146,0.141535,Smooth Acceleration,,TRUE
1101,8.11084,-0.068306,,Smooth Deceleration,TRUE
1102,8.188364,0.077524,Smooth Acceleration,,TRUE
1103,8.29739,0.109026,Smooth Acceleration,,TRUE
1104,8.391629,0.094239,Smooth Acceleration,,TRUE
1105,8.248762,-0.142867,,Smooth Deceleration,TRUE
1106,7.691773,-0.556989,,Smooth Deceleration,TRUE
1107,6.9359584,-0.7558146,,Smooth Deceleration,TRUE
1108,6.5468373,-0.3891211,,Smooth Deceleration,TRUE
1109,6.1994867,-0.3473506,,Smooth Deceleration,TRUE
1110,5.895069,-0.3044177,,Smooth Deceleration,TRUE
1111,5.9439898,0.0489208,Smooth Acceleration,,TRUE
1112,5.780402,-0.1635878,,Smooth Deceleration,TRUE
1112.999,6.0209737,0.240812497,Smooth Acceleration,,TRUE
1113.999,6.290478,0.2695043,Smooth Acceleration,,TRUE
1114.999,6.129867,-0.160611,,Smooth Deceleration,TRUE
1115.999,5.5785756,-0.5512914,,Smooth Deceleration,TRUE
1116.999,5.682129,0.1035534,Smooth Acceleration,,TRUE
1117.999,5.985812,0.303683,Smooth Acceleration,,TRUE
1118.999,6.3523383,0.3665263,Smooth Acceleration,,TRUE
1119.999,6.6822457,0.3299074,Smooth Acceleration,,TRUE
1120.999,6.793059,0.1108133,Smooth Acceleration,,TRUE
1121.999,6.998879,0.20582,Smooth Acceleration,,TRUE
1122.999,7.043767,0.044888,Smooth Acceleration,,TRUE
1123.999,7.0378556,-0.0059114,,Smooth Deceleration,TRUE
1124.999,6.6991324,-0.3387232,,Smooth Deceleration,TRUE
1125.999,6.237397,-0.4617354,,Smooth Deceleration,TRUE
1126.999,5.875502,-0.361895,,Smooth Deceleration,TRUE
1127.999,5.7592793,-0.1162227,,Smooth Deceleration,TRUE
1128.999,5.6281962,-0.1310831,,Smooth Deceleration,TRUE
1129.999,6.0391808,0.4109846,Smooth Acceleration,,TRUE
1130.999,6.2176175,0.1784367,Smooth Acceleration,,TRUE
1131.999,6.597818,0.3802005,Smooth Acceleration,,TRUE
1132.999,6.931254,0.333436,Smooth Acceleration,,TRUE
1133.999,7.105921,0.174667,Smooth Acceleration,,TRUE
1134.999,7.137869,0.031948,Smooth Acceleration,,TRUE
1135.999,6.9505086,-0.1873604,,Smooth Deceleration,TRUE
1136.999,6.3877563,-0.5627523,,Smooth Deceleration,TRUE
1137.999,5.3531423,-1.034614,,Smooth Deceleration,TRUE
1138.999,4.151421,-1.2017213,,Smooth Deceleration,TRUE
1139.999,2.887104,-1.264317,,Smooth Deceleration,TRUE
1140.999,2.4418774,-0.4452266,,Smooth Deceleration,TRUE
1141.999,2.301184,-0.1406934,,Smooth Deceleration,TRUE
1142.999,2.1911786,-0.1100054,,Smooth Deceleration,TRUE
1143.999,2.579876,0.3886974,Smooth Acceleration,,TRUE
1144.999,2.988473,0.408597,Smooth Acceleration,,TRUE
1145.999,3.7774081,0.7889351,Smooth Acceleration,,TRUE
1146.999,4.7209,0.9434919,Smooth Acceleration,,TRUE
1147.999,4.9170823,0.1961823,Smooth Acceleration,,TRUE
1148.999,5.6629443,0.745862,Smooth Acceleration,,TRUE
1149.999,6.8110876,1.1481433,Rapid Acceleration,,FALSE
1150.999,6.940477,0.1293894,Smooth Acceleration,,TRUE
1151.999,6.1387777,-0.8016993,,Smooth Deceleration,TRUE
1152.999,4.5384808,-1.6002969,,Smooth Deceleration,TRUE
1153.999,3.7286363,-0.8098445,,Smooth Deceleration,TRUE
1154.999,3.5454879,-0.1831484,,Smooth Deceleration,TRUE
1155.999,4.2076907,0.6622028,Smooth Acceleration,,TRUE
1156.999,5.07141,0.8637193,Smooth Acceleration,,TRUE
1157.999,5.858947,0.787537,Smooth Acceleration,,TRUE
1158.999,6.53407,0.675123,Smooth Acceleration,,TRUE
1159.999,7.0735736,0.5395036,Smooth Acceleration,,TRUE
1160.999,7.282009,0.2084354,Smooth Acceleration,,TRUE
1161.999,6.66841,-0.613599,,Smooth Deceleration,TRUE
1162.999,5.8310637,-0.8373463,,Smooth Deceleration,TRUE
1163.999,4.7303634,-1.1007003,,Smooth Deceleration,TRUE
1164.999,3.5877938,-1.1425696,,Smooth Deceleration,TRUE
1165.999,2.1226301,-1.4651637,,Smooth Deceleration,TRUE
1166.999,0.94867814,-1.17395196,,Smooth Deceleration,TRUE
1167.999,0.039103054,-0.909575086,,Smooth Deceleration,TRUE
1168.999,0.01565278,-0.023450274,,Smooth Deceleration,TRUE
1169.999,0.26352194,0.24786916,Smooth Acceleration,,TRUE
1170.999,0.5592938,0.29577186,Smooth Acceleration,,TRUE
1171.999,1.0610204,0.5017266,Smooth Acceleration,,TRUE
1172.999,1.9541378,0.8931174,Smooth Acceleration,,TRUE
1173.999,3.0814834,1.1273456,Rapid Acceleration,,FALSE
1174.999,3.7390919,0.6576085,Smooth Acceleration,,TRUE
1176.999,5.0261416,0.64352485,Smooth Acceleration,,TRUE
1177.999,6.074325,1.0481834,Rapid Acceleration,,FALSE
1178.999,6.9035172,0.8291922,Smooth Acceleration,,TRUE
1179.999,7.592315,0.6887978,Smooth Acceleration,,TRUE
1180.999,7.6830425,0.0907275,Smooth Acceleration,,TRUE
1181.999,6.8072023,-0.8758402,,Smooth Deceleration,TRUE
1182.999,6.660991,-0.1462113,,Smooth Deceleration,TRUE
1183.999,6.9530606,0.2920696,Smooth Acceleration,,TRUE
1184.999,7.192006,0.2389454,Smooth Acceleration,,TRUE
1185.999,7.316272,0.124266,Smooth Acceleration,,TRUE
1186.999,7.2551665,-0.0611055,,Smooth Deceleration,TRUE
1187.999,7.3391404,0.0839739,Smooth Acceleration,,TRUE
1188.999,7.30875,-0.0303904,,Smooth Deceleration,TRUE
1189.999,7.30418,-0.00457,,Smooth Deceleration,TRUE
1190.999,7.2210536,-0.0831264,,Smooth Deceleration,TRUE
1191.999,7.2124753,-0.0085783,,Smooth Deceleration,TRUE
1192.999,7.290892,0.0784167,Smooth Acceleration,,TRUE
1193.999,7.3121476,0.0212556,Smooth Acceleration,,TRUE
1194.999,7.210434,-0.1017136,,Smooth Deceleration,TRUE
1195.999,7.376352,0.165918,Smooth Acceleration,,TRUE
1196.999,7.6882434,0.3118914,Smooth Acceleration,,TRUE
1197.999,7.6611958,-0.0270476,,Smooth Deceleration,TRUE
1198.999,7.8555098,0.194314,Smooth Acceleration,,TRUE
1199.999,8.298814,0.4433042,Smooth Acceleration,,TRUE
1200.999,8.964352,0.665538,Smooth Acceleration,,TRUE
1201.999,9.4642515,0.4998995,Smooth Acceleration,,TRUE
1202.999,9.939295,0.4750435,Smooth Acceleration,,TRUE
1203.999,10.240937,0.301642,Smooth Acceleration,,TRUE
1204.999,10.28932,0.048383,Smooth Acceleration,,TRUE
1205.999,9.989602,-0.299718,,Smooth Deceleration,TRUE
1206.999,9.758814,-0.230788,,Smooth Deceleration,TRUE
1207.999,9.455535,-0.303279,,Smooth Deceleration,TRUE
1208.999,9.4560995,0.0005645,Smooth Acceleration,,TRUE
1209.999,9.378037,-0.0780625,,Smooth Deceleration,TRUE
1210.999,9.28739,-0.090647,,Smooth Deceleration,TRUE
1211.999,9.40434,0.11695,Smooth Acceleration,,TRUE
1212.999,9.516391,0.112051,Smooth Acceleration,,TRUE
1213.999,9.551159,0.034768,Smooth Acceleration,,TRUE
1214.999,9.524378,-0.026781,,Smooth Deceleration,TRUE
1215.999,9.501766,-0.022612,,Smooth Deceleration,TRUE
1217.999,9.8561325,0.17718325,Smooth Acceleration,,TRUE
1218.999,9.807956,-0.0481765,,Smooth Deceleration,TRUE
1219.999,9.845398,0.037442,Smooth Acceleration,,TRUE
1220.999,9.954844,0.109446,Smooth Acceleration,,TRUE
1222.999,10.612404,0.32878,Smooth Acceleration,,TRUE
1223.999,10.989649,0.377245,Smooth Acceleration,,TRUE
1224.999,11.410942,0.421293,Smooth Acceleration,,TRUE
1225.999,11.89232,0.481378,Smooth Acceleration,,TRUE
1226.999,12.470994,0.578674,Smooth Acceleration,,TRUE
1227.999,12.304668,-0.166326,,Smooth Deceleration,TRUE
1228.999,12.139693,-0.164975,,Smooth Deceleration,TRUE
1229.999,12.108355,-0.031338,,Smooth Deceleration,TRUE
1230.999,11.791319,-0.317036,,Smooth Deceleration,TRUE
1231.999,11.429593,-0.361726,,Smooth Deceleration,TRUE
1232.999,11.059131,-0.370462,,Smooth Deceleration,TRUE
1233.999,11.016569,-0.042562,,Smooth Deceleration,TRUE
1234.999,11.087913,0.071344,Smooth Acceleration,,TRUE
1235.999,11.294603,0.20669,Smooth Acceleration,,TRUE
1236.999,11.439819,0.145216,Smooth Acceleration,,TRUE
1237.999,11.384371,-0.055448,,Smooth Deceleration,TRUE
1238.999,11.134148,-0.250223,,Smooth Deceleration,TRUE
1239.999,9.907653,-1.226495,,Smooth Deceleration,TRUE
1240.999,9.053731,-0.853922,,Smooth Deceleration,TRUE
1241.999,8.847089,-0.206642,,Smooth Deceleration,TRUE
1242.999,9.335124,0.488035,Smooth Acceleration,,TRUE
1243.999,9.946747,0.611623,Smooth Acceleration,,TRUE
1244.999,10.681129,0.734382,Smooth Acceleration,,TRUE
1245.999,10.609421,-0.071708,,Smooth Deceleration,TRUE
1246.999,9.2614355,-1.3479855,,Smooth Deceleration,TRUE
1247.999,6.4602523,-2.8011832,,Rapid Deceleration,FALSE
1248.999,5.439862,-1.0203903,,Smooth Deceleration,TRUE
1249.999,6.2829523,0.8430903,Smooth Acceleration,,TRUE
1250.999,7.5820446,1.2990923,Rapid Acceleration,,FALSE
1251.999,9.015849,1.4338044,Rapid Acceleration,,FALSE
1252.999,10.458584,1.442735,Rapid Acceleration,,FALSE
1253.999,11.856799,1.398215,Rapid Acceleration,,FALSE
1254.999,13.344272,1.487473,Rapid Acceleration,,FALSE
1255.999,13.968129,0.623857,Smooth Acceleration,,TRUE
1256.999,13.706222,-0.261907,,Smooth Deceleration,TRUE
1257.999,13.949489,0.243267,Smooth Acceleration,,TRUE
1258.999,14.821872,0.872383,Smooth Acceleration,,TRUE
1259.999,15.651678,0.829806,Smooth Acceleration,,TRUE
1260.999,16.376656,0.724978,Smooth Acceleration,,TRUE
1261.999,17.070915,0.694259,Smooth Acceleration,,TRUE
1262.999,16.866652,-0.204263,,Smooth Deceleration,TRUE
1263.999,16.493696,-0.372956,,Smooth Deceleration,TRUE
1264.999,16.605457,0.111761,Smooth Acceleration,,TRUE
1265.999,16.823889,0.218432,Smooth Acceleration,,TRUE
1266.999,16.957384,0.133495,Smooth Acceleration,,TRUE
1267.999,17.075777,0.118393,Smooth Acceleration,,TRUE
1268.999,17.164865,0.089088,Smooth Acceleration,,TRUE
1269.999,17.171743,0.006878,Smooth Acceleration,,TRUE
1270.999,17.141626,-0.030117,,Smooth Deceleration,TRUE
1271.999,17.025208,-0.116418,,Smooth Deceleration,TRUE
1272.999,16.914124,-0.111084,,Smooth Deceleration,TRUE
1273.999,17.207449,0.293325,Smooth Acceleration,,TRUE
1274.999,17.343773,0.136324,Smooth Acceleration,,TRUE
1275.999,17.559786,0.216013,Smooth Acceleration,,TRUE
1276.999,17.550644,-0.009142,,Smooth Deceleration,TRUE
1277.999,17.703993,0.153349,Smooth Acceleration,,TRUE
1278.999,17.823801,0.119808,Smooth Acceleration,,TRUE
1279.999,17.891481,0.06768,Smooth Acceleration,,TRUE
1280.999,17.939787,0.048306,Smooth Acceleration,,TRUE
1281.999,18.031433,0.091646,Smooth Acceleration,,TRUE
1282.999,18.089056,0.057623,Smooth Acceleration,,TRUE
1283.999,18.436129,0.347073,Smooth Acceleration,,TRUE
1284.999,19.081495,0.645366,Smooth Acceleration,,TRUE
1285.999,19.788479,0.706984,Smooth Acceleration,,TRUE
1286.999,20.13512,0.346641,Smooth Acceleration,,TRUE
1287.999,19.922543,-0.212577,,Smooth Deceleration,TRUE
1288.999,19.411816,-0.510727,,Smooth Deceleration,TRUE
1289.999,19.47684,0.065024,Smooth Acceleration,,TRUE
1290.999,19.818321,0.341481,Smooth Acceleration,,TRUE
1291.999,20.04934,0.231019,Smooth Acceleration,,TRUE
1292.999,20.35316,0.30382,Smooth Acceleration,,TRUE
1293.999,20.685905,0.332745,Smooth Acceleration,,TRUE
1294.999,21.006592,0.320687,Smooth Acceleration,,TRUE
1295.999,21.42922,0.422628,Smooth Acceleration,,TRUE
1296.999,21.742899,0.313679,Smooth Acceleration,,TRUE
1297.999,22.054056,0.311157,Smooth Acceleration,,TRUE
1298.999,22.281801,0.227745,Smooth Acceleration,,TRUE
1299.999,22.370613,0.088812,Smooth Acceleration,,TRUE
1300.999,22.598156,0.227543,Smooth Acceleration,,TRUE
1301.999,22.842419,0.244263,Smooth Acceleration,,TRUE
1302.999,23.071249,0.22883,Smooth Acceleration,,TRUE
1303.999,22.982647,-0.088602,,Smooth Deceleration,TRUE
1304.999,22.51119,-0.471457,,Smooth Deceleration,TRUE
1305.999,21.93927,-0.57192,,Smooth Deceleration,TRUE
1306.999,21.520693,-0.418577,,Smooth Deceleration,TRUE
1307.999,21.10718,-0.413513,,Smooth Deceleration,TRUE
1308.999,20.814217,-0.292963,,Smooth Deceleration,TRUE
1309.999,20.539318,-0.274899,,Smooth Deceleration,TRUE
1310.999,20.35355,-0.185768,,Smooth Deceleration,TRUE
1311.999,20.344175,-0.009375,,Smooth Deceleration,TRUE
1312.999,20.573036,0.228861,Smooth Acceleration,,TRUE
1313.999,20.593699,0.020663,Smooth Acceleration,,TRUE
1314.999,20.957077,0.363378,Smooth Acceleration,,TRUE
1315.999,21.53962,0.582543,Smooth Acceleration,,TRUE
1316.999,22.272026,0.732406,Smooth Acceleration,,TRUE
1317.999,22.84284,0.570814,Smooth Acceleration,,TRUE
1318.999,23.155708,0.312868,Smooth Acceleration,,TRUE
1319.999,23.710855,0.555147,Smooth Acceleration,,TRUE
1320.999,23.629429,-0.081426,,Smooth Deceleration,TRUE
1321.999,23.01831,-0.611119,,Smooth Deceleration,TRUE
1322.999,22.375698,-0.642612,,Smooth Deceleration,TRUE
1323.999,22.181038,-0.19466,,Smooth Deceleration,TRUE
1324.999,22.485317,0.304279,Smooth Acceleration,,TRUE
1325.999,22.828922,0.343605,Smooth Acceleration,,TRUE
1326.999,23.149076,0.320154,Smooth Acceleration,,TRUE
1327.999,23.465538,0.316462,Smooth Acceleration,,TRUE
1328.999,23.709492,0.243954,Smooth Acceleration,,TRUE
1329.999,24.038443,0.328951,Smooth Acceleration,,TRUE
1330.999,23.85839,-0.180053,,Smooth Deceleration,TRUE
1331.999,23.16881,-0.68958,,Smooth Deceleration,TRUE
1332.999,22.674707,-0.494103,,Smooth Deceleration,TRUE
1333.999,22.100891,-0.573816,,Smooth Deceleration,TRUE
1334.999,21.675009,-0.425882,,Smooth Deceleration,TRUE
1335.999,21.224754,-0.450255,,Smooth Deceleration,TRUE
1336.999,22.670265,1.445511,Rapid Acceleration,,FALSE
1337.999,22.578537,-0.091728,,Smooth Deceleration,TRUE
1338.999,22.42004,-0.158497,,Smooth Deceleration,TRUE
1339.999,22.16806,-0.25198,,Smooth Deceleration,TRUE
1340.999,21.920748,-0.247312,,Smooth Deceleration,TRUE
1341.999,21.76017,-0.160578,,Smooth Deceleration,TRUE
1343.999,21.48935,-0.13541,,Smooth Deceleration,TRUE
1344.999,21.396393,-0.092957,,Smooth Deceleration,TRUE
1345.999,21.319592,-0.076801,,Smooth Deceleration,TRUE
1346.999,21.185467,-0.134125,,Smooth Deceleration,TRUE
1347.999,21.501354,0.315887,Smooth Acceleration,,TRUE
1348.999,22.358294,0.85694,Smooth Acceleration,,TRUE
1349.999,23.343071,0.984777,Smooth Acceleration,,TRUE
1350.999,24.176765,0.833694,Smooth Acceleration,,TRUE
1351.999,25.414312,1.237547,Rapid Acceleration,,FALSE
1352.999,25.822407,0.408095,Smooth Acceleration,,TRUE
1353.999,25.712372,-0.110035,,Smooth Deceleration,TRUE
1354.999,25.514872,-0.1975,,Smooth Deceleration,TRUE
1355.999,25.216955,-0.297917,,Smooth Deceleration,TRUE
1356.999,25.518333,0.301378,Smooth Acceleration,,TRUE
1357.999,26.040358,0.522025,Smooth Acceleration,,TRUE
1358.999,26.536388,0.49603,Smooth Acceleration,,TRUE
1359.999,26.439425,-0.096963,,Smooth Deceleration,TRUE
1360.999,25.951176,-0.488249,,Smooth Deceleration,TRUE
1361.999,25.072855,-0.878321,,Smooth Deceleration,TRUE
1363.999,23.49685,-0.7880025,,Smooth Deceleration,TRUE
1364.999,23.569181,0.072331,Smooth Acceleration,,TRUE
1365.999,23.569038,-0.000143,,Smooth Deceleration,TRUE
1366.999,23.74914,0.180102,Smooth Acceleration,,TRUE
1367.999,23.902739,0.153599,Smooth Acceleration,,TRUE
1368.999,24.079557,0.176818,Smooth Acceleration,,TRUE
1369.999,24.305433,0.225876,Smooth Acceleration,,TRUE
1370.999,24.475626,0.170193,Smooth Acceleration,,TRUE
1371.999,24.59086,0.115234,Smooth Acceleration,,TRUE
1372.999,24.665316,0.074456,Smooth Acceleration,,TRUE
1373.999,24.597569,-0.067747,,Smooth Deceleration,TRUE
1374.999,24.568563,-0.029006,,Smooth Deceleration,TRUE
1375.999,24.545938,-0.022625,,Smooth Deceleration,TRUE
1376.999,24.502,-0.043938,,Smooth Deceleration,TRUE
1377.999,24.509508,0.007508,Smooth Acceleration,,TRUE
1378.999,24.468264,-0.041244,,Smooth Deceleration,TRUE
1379.999,24.541758,0.073494,Smooth Acceleration,,TRUE
1380.999,24.570204,0.028446,Smooth Acceleration,,TRUE
1381.999,24.469595,-0.100609,,Smooth Deceleration,TRUE
1382.999,24.402279,-0.067316,,Smooth Deceleration,TRUE
1383.999,24.253798,-0.148481,,Smooth Deceleration,TRUE
1384.999,24.240208,-0.01359,,Smooth Deceleration,TRUE
1385.999,24.135492,-0.104716,,Smooth Deceleration,TRUE
1386.999,24.01045,-0.125042,,Smooth Deceleration,TRUE
1387.999,23.863516,-0.146934,,Smooth Deceleration,TRUE
1388.999,23.679443,-0.184073,,Smooth Deceleration,TRUE
1389.999,23.155313,-0.52413,,Smooth Deceleration,TRUE
1390.999,23.117035,-0.038278,,Smooth Deceleration,TRUE
1391.999,23.288399,0.171364,Smooth Acceleration,,TRUE
1392.999,23.093376,-0.195023,,Smooth Deceleration,TRUE
1393.999,23.56592,0.472544,Smooth Acceleration,,TRUE
1394.999,23.821728,0.255808,Smooth Acceleration,,TRUE
1395.999,24.090096,0.268368,Smooth Acceleration,,TRUE
1396.999,24.703724,0.613628,Smooth Acceleration,,TRUE
1397.999,25.038347,0.334623,Smooth Acceleration,,TRUE
1398.999,24.292675,-0.745672,,Smooth Deceleration,TRUE
1399.999,23.263397,-1.029278,,Smooth Deceleration,TRUE
1400.999,22.256422,-1.006975,,Smooth Deceleration,TRUE
1401.999,21.459763,-0.796659,,Smooth Deceleration,TRUE
1402.999,20.933859,-0.525904,,Smooth Deceleration,TRUE
1403.999,20.581053,-0.352806,,Smooth Deceleration,TRUE
1404.999,20.706396,0.125343,Smooth Acceleration,,TRUE
1405.999,20.818121,0.111725,Smooth Acceleration,,TRUE
1406.999,20.391535,-0.426586,,Smooth Deceleration,TRUE
1407.999,19.803135,-0.5884,,Smooth Deceleration,TRUE
1408.999,19.003355,-0.79978,,Smooth Deceleration,TRUE
1409.999,18.508244,-0.495111,,Smooth Deceleration,TRUE
1410.999,18.04944,-0.458804,,Smooth Deceleration,TRUE
1411.999,17.523388,-0.526052,,Smooth Deceleration,TRUE
1412.999,17.341005,-0.182383,,Smooth Deceleration,TRUE
1413.999,17.45027,0.109265,Smooth Acceleration,,TRUE
1414.999,17.609495,0.159225,Smooth Acceleration,,TRUE
1415.999,17.562988,-0.046507,,Smooth Deceleration,TRUE
1416.999,17.117624,-0.445364,,Smooth Deceleration,TRUE
1417.999,16.752592,-0.365032,,Smooth Deceleration,TRUE
1418.999,16.533125,-0.219467,,Smooth Deceleration,TRUE
1419.999,16.37487,-0.158255,,Smooth Deceleration,TRUE
1420.999,15.910571,-0.464299,,Smooth Deceleration,TRUE
1421.999,15.449104,-0.461467,,Smooth Deceleration,TRUE
1422.999,14.91547,-0.533634,,Smooth Deceleration,TRUE
1423.999,14.683661,-0.231809,,Smooth Deceleration,TRUE
1424.999,14.759755,0.076094,Smooth Acceleration,,TRUE
1425.999,14.948023,0.188268,Smooth Acceleration,,TRUE
1426.999,15.52263,0.574607,Smooth Acceleration,,TRUE
1427.999,15.544403,0.021773,Smooth Acceleration,,TRUE
1428.999,15.393548,-0.150855,,Smooth Deceleration,TRUE
1429.999,15.547216,0.153668,Smooth Acceleration,,TRUE
1430.999,15.715089,0.167873,Smooth Acceleration,,TRUE
1431.999,15.944231,0.229142,Smooth Acceleration,,TRUE
1432.999,15.922969,-0.021262,,Smooth Deceleration,TRUE
1433.999,15.8596525,-0.0633165,,Smooth Deceleration,TRUE
1434.999,15.968431,0.1087785,Smooth Acceleration,,TRUE
1435.999,16.348583,0.380152,Smooth Acceleration,,TRUE
1436.999,16.838667,0.490084,Smooth Acceleration,,TRUE
1437.999,16.710484,-0.128183,,Smooth Deceleration,TRUE
1438.999,16.561853,-0.148631,,Smooth Deceleration,TRUE
1439.999,16.603037,0.041184,Smooth Acceleration,,TRUE
1441.999,16.659975,0.028469,Smooth Acceleration,,TRUE
1442.999,16.818588,0.158613,Smooth Acceleration,,TRUE
1443.999,17.176188,0.3576,Smooth Acceleration,,TRUE
1444.999,17.109364,-0.066824,,Smooth Deceleration,TRUE
1445.999,17.082966,-0.026398,,Smooth Deceleration,TRUE
1446.999,17.045166,-0.0378,,Smooth Deceleration,TRUE
1447.999,16.8147,-0.230466,,Smooth Deceleration,TRUE
1448.999,16.611698,-0.203002,,Smooth Deceleration,TRUE
1449.999,16.687496,0.075798,Smooth Acceleration,,TRUE
1450.999,16.760906,0.07341,Smooth Acceleration,,TRUE
1451.999,16.87544,0.114534,Smooth Acceleration,,TRUE
1452.999,16.76154,-0.1139,,Smooth Deceleration,TRUE
1453.999,16.532005,-0.229535,,Smooth Deceleration,TRUE
1454.999,16.174112,-0.357893,,Smooth Deceleration,TRUE
1455.999,15.539311,-0.634801,,Smooth Deceleration,TRUE
1456.999,14.652959,-0.886352,,Smooth Deceleration,TRUE
1457.999,13.268668,-1.384291,,Smooth Deceleration,TRUE
1458.999,11.678484,-1.590184,,Smooth Deceleration,TRUE
1459.999,10.049725,-1.628759,,Smooth Deceleration,TRUE
1461.999,5.7991476,-2.1252887,,Rapid Deceleration,FALSE
1462.999,3.2991583,-2.4999893,,Rapid Deceleration,FALSE
1463.999,1.6711113,-1.628047,,Smooth Deceleration,TRUE
1464.999,2.3062356,0.6351243,Smooth Acceleration,,TRUE
1465.999,1.8457693,-0.4604663,,Smooth Deceleration,TRUE
1466.999,1.534704,-0.3110653,,Smooth Deceleration,TRUE
1467.999,1.2643028,-0.2704012,,Smooth Deceleration,TRUE
1468.999,0.6448596,-0.6194432,,Smooth Deceleration,TRUE
1469.999,0.2353602,-0.4094994,,Smooth Deceleration,TRUE
1470.999,0.052208662,-0.183151538,,Smooth Deceleration,TRUE
1471.999,0.06985017,0.017641508,Smooth Acceleration,,TRUE
1472.999,0.02417473,-0.04567544,,Smooth Deceleration,TRUE
